db_index	motif_id	motif_alt_id	consensus	E-value	adj_p-value	log_adj_p-value	bin_location	bin_width	total_width	sites_in_bin	total_sites	p_success	p-value	mult_tests
   2	1-WRWGYAAAYA	STREME-1	WRWGYAAAYA	4.2e-43	   3.3e-46	        -104.71	         0.0	    229.0	        491	        1886	       3164	  0.46640	1.4e-48	       245
   3	FOXA1_HUMAN.H11MO.0.A		TGTTTACWYWGB	2.5e-41	   2.0e-44	        -100.64	         0.0	    251.0	        489	        2181	       3437	  0.51329	8.1e-47	       244
   3	FOXA2_HUMAN.H11MO.0.A		TGTTTACWYWGB	3.2e-38	   2.5e-41	         -93.49	         0.0	    117.0	        489	        1171	       3395	  0.23926	1.0e-43	       244
   1	WRYAAAYA	MEME-2	WRYAAAYA	6.6e-34	   5.2e-37	         -83.54	         0.0	    149.0	        493	        1220	       2928	  0.30223	2.1e-39	       246
   3	AP2A_HUMAN.H11MO.0.A		ATKSCCTGRGGSHAD	1.4e-33	   1.1e-36	         -82.78	         0.0	    268.0	        486	        2271	       3437	  0.55144	4.6e-39	       242
   3	FOXM1_HUMAN.H11MO.0.A		TGTTTRCTYWKB	3.6e-32	   2.9e-35	         -79.54	         0.0	    213.0	        489	        1983	       3667	  0.43558	1.2e-37	       244
   2	2-DSCCYSRGGSH	STREME-2	DSCCYSRGGSH	4.1e-31	   3.2e-34	         -77.12	         0.0	    276.0	        490	        2317	       3468	  0.56327	1.3e-36	       244
   3	AP2C_HUMAN.H11MO.0.A		VTGSCCTGRGGSHR	6.2e-29	   4.9e-32	         -72.09	         0.0	    275.0	        487	        2221	       3323	  0.56468	2.0e-34	       243
   3	FOXA3_HUMAN.H11MO.0.B		CHTGTTTACWTWG	6.1e-28	   4.8e-31	         -69.80	         0.0	    114.0	        488	        1128	       3495	  0.23361	2.0e-33	       243
   3	MA0846.1	FOXC2	WAWGTAAACAWW	1.2e-27	   9.8e-31	         -69.10	         0.0	    247.0	        489	        2107	       3476	  0.50511	4.0e-33	       244
   3	MA0033.2	FOXL1	RTAAACA	4.5e-27	   3.6e-30	         -67.80	         0.0	    226.0	        494	        1958	       3513	  0.45749	1.5e-32	       246
   3	MA0847.3	FOXD2	SYTAARYAAACA	6.8e-26	   5.4e-29	         -65.09	         0.0	    259.0	        489	        1900	       2993	  0.52965	2.2e-31	       244
   3	MA0849.1	FOXO6	GTAAACA	3.8e-25	   3.0e-28	         -63.38	         0.0	    234.0	        494	        1829	       3180	  0.47368	1.2e-30	       246
   3	MA0032.2	FOXC1	WAWGTAAAYAW	1.6e-24	   1.2e-27	         -61.95	         0.0	    210.0	        490	        1793	       3414	  0.42857	5.1e-30	       244
   3	MA0811.1	TFAP2B	YGCCCBVRGGCA	3.1e-24	   2.5e-27	         -61.26	         0.0	    277.0	        489	        2167	       3269	  0.56646	1.0e-29	       244
   3	MA0042.2	FOXI1	GTAAACA	6.0e-24	   4.8e-27	         -60.61	         0.0	    234.0	        494	        1912	       3351	  0.47368	1.9e-29	       246
   3	MA0850.1	FOXP3	RTAAACA	6.6e-24	   5.3e-27	         -60.51	         0.0	    248.0	        494	        2172	       3653	  0.50202	2.1e-29	       246
   3	MA0812.1	TFAP2B	HGCCTSAGGCD	1.2e-23	   9.5e-27	         -59.92	         0.0	    276.0	        490	        1899	       2853	  0.56327	3.9e-29	       244
   3	MA0848.1	FOXO4	GTAAACA	3.2e-23	   2.6e-26	         -58.92	         0.0	    212.0	        494	        1854	       3555	  0.42915	1.0e-28	       246
   3	MA0148.4	FOXA1	WWGTAAACATNN	8.9e-23	   7.1e-26	         -57.91	         0.0	    219.0	        489	        1887	       3490	  0.44785	2.9e-28	       244
   3	MA1683.1	FOXA3	DWGTAAACANN	8.9e-23	   7.1e-26	         -57.91	         0.0	    228.0	        490	        1961	       3516	  0.46531	2.9e-28	       244
   3	MA0524.2	TFAP2C	YGCCYBVRGGCA	9.2e-23	   7.3e-26	         -57.87	         0.0	    277.0	        489	        2196	       3329	  0.56646	3.0e-28	       244
   3	MA0480.2	Foxo1	NDGTAAACANN	4.9e-22	   3.9e-25	         -56.21	         0.0	    250.0	        490	        2170	       3617	  0.51020	1.6e-27	       244
   3	FOXP2_HUMAN.H11MO.0.C		BTGTTTACH	1.9e-21	   1.5e-24	         -54.84	         0.0	    234.0	        492	        2042	       3617	  0.47561	6.2e-27	       245
   3	MA0851.1	Foxj3	NDAADGTAAACAAANNM	4.3e-21	   3.4e-24	         -54.04	         0.0	    218.0	        484	        1700	       3116	  0.45041	1.4e-26	       241
   3	FOXO3_HUMAN.H11MO.0.B		BYTGTTTACH	1.0e-20	   8.2e-24	         -53.16	         0.0	    249.0	        491	        2100	       3526	  0.50713	3.3e-26	       245
   3	MA0810.1	TFAP2A	YGCCCBVRGGCR	5.3e-20	   4.2e-23	         -51.52	         0.0	    251.0	        489	        1959	       3244	  0.51329	1.7e-25	       244
   3	MA0614.1	Foxj2	RTAAACAA	7.3e-20	   5.8e-23	         -51.20	         0.0	    119.0	        493	        1073	       3350	  0.24138	2.4e-25	       246
   3	MA0157.3	Foxo3	NDGTAAACARNN	8.0e-20	   6.4e-23	         -51.11	         0.0	    233.0	        489	        1998	       3548	  0.47648	2.6e-25	       244
   3	MA1606.1	Foxf1	DWRTAAACANN	1.1e-19	   8.6e-23	         -50.81	         0.0	    250.0	        490	        2102	       3522	  0.51020	3.5e-25	       244
   3	MA0047.3	FOXA2	RWGTAAACANN	2.5e-19	   2.0e-22	         -49.98	         0.0	    118.0	        490	        1105	       3483	  0.24082	8.1e-25	       244
   3	MA0845.1	FOXB1	WATGTAAATAT	7.9e-19	   6.2e-22	         -48.82	         0.0	    112.0	        490	        1003	       3285	  0.22857	2.6e-24	       244
   3	MA1607.1	Foxl2	DDWATGTAAACANN	1.0e-18	   8.3e-22	         -48.54	         0.0	    249.0	        487	        2065	       3461	  0.51129	3.4e-24	       243
   3	MA0003.4	TFAP2A	NNKGCCTCAGGCNN	1.5e-18	   1.2e-21	         -48.19	         0.0	    253.0	        487	        2035	       3359	  0.51951	4.9e-24	       243
   3	MA0613.1	FOXG1	RTAAACAW	3.4e-18	   2.7e-21	         -47.35	         0.0	    261.0	        493	         896	       1350	  0.52941	1.1e-23	       246
   3	MA1103.2	FOXK2	DDGTAAACANN	6.5e-18	   5.2e-21	         -46.71	         0.0	    250.0	        490	        2093	       3528	  0.51020	2.1e-23	       244
   3	MA0481.3	FOXP1	NDGTAAACANH	3.9e-17	   3.1e-20	         -44.93	         0.0	    218.0	        490	        1853	       3517	  0.44490	1.3e-22	       244
   3	FOXK1_HUMAN.H11MO.0.A		TGTTTMCHTT	1.3e-16	   1.0e-19	         -43.71	         0.0	    119.0	        491	        1147	       3671	  0.24236	4.2e-22	       245
   3	FOXJ2_HUMAN.H11MO.0.C		TGTTTRTTTW	2.3e-16	   1.9e-19	         -43.13	         0.0	    213.0	        491	        1587	       3053	  0.43381	7.6e-22	       245
   1	SCYBGRGGCWD	MEME-1	SCYBGRGGCWD	3.3e-16	   2.6e-19	         -42.78	         0.0	    264.0	        490	        1788	       2851	  0.53878	1.1e-21	       244
   3	MA0852.2	FOXK1	NRDGTAAACAAGNN	2.3e-15	   1.8e-18	         -40.83	         0.0	    231.0	        487	        1907	       3445	  0.47433	7.6e-21	       243
   3	MA0030.1	FOXF2	BNAASGTAAACAAD	2.8e-14	   2.2e-17	         -38.35	         0.0	    225.0	        487	        1048	       1847	  0.46201	9.1e-20	       243
   3	MA1569.1	TFAP2E	YGCCYSRGGCD	1.3e-13	   1.0e-16	         -36.81	         0.0	    276.0	        490	        1078	       1604	  0.56327	4.2e-19	       244
   3	MA1487.2	FOXE1	VYTAAAYAAACAAH	1.3e-13	   1.0e-16	         -36.81	         0.0	    249.0	        487	        1791	       3028	  0.51129	4.3e-19	       243
   3	MA1489.1	FOXN3	GTAAACAA	3.6e-13	   2.9e-16	         -35.79	         0.0	    135.0	        493	         783	       2174	  0.27383	1.2e-18	       246
   2	5-ATRTTTA	STREME-5	ATRTTTA	3.1e-12	   2.4e-15	         -33.65	         0.0	    160.0	        494	        1379	       3516	  0.32389	9.9e-18	       246
   3	FOXC1_HUMAN.H11MO.0.C		CDWTGTTTACTTWRG	2.2e-11	   1.8e-14	         -31.67	         0.0	    258.0	        486	        1216	       1950	  0.53086	7.3e-17	       242
   3	MA0031.1	FOXD1	GTAAACAW	5.0e-11	   4.0e-14	         -30.86	         0.0	    263.0	        493	        1843	       3035	  0.53347	1.6e-16	       246
   3	MA0814.2	TFAP2C	NNGCCTGAGGCGNN	7.8e-9	   6.2e-12	         -25.80	         0.0	    279.0	        487	        2067	       3240	  0.57290	2.6e-14	       243
   3	MA0154.4	EBF1	NNTCCCCAGGGGANN	2.5e-8	   2.0e-11	         -24.65	         0.0	    270.0	        486	        1888	       3036	  0.55556	8.1e-14	       242
   3	MA0041.2	FOXD3	WAWGHAAATAAACARY	6.1e-8	   4.8e-11	         -23.75	         0.0	    117.0	        485	        1009	       3411	  0.24124	2.0e-13	       242
   3	AP2B_HUMAN.H11MO.0.B		GCCYGVGGGS	2.7e-7	   2.1e-10	         -22.27	         0.0	    373.0	        491	        2774	       3424	  0.75967	8.7e-13	       245
   3	MA0040.1	Foxq1	HATTGTTTATW	4.9e-6	   3.9e-9	         -19.37	         0.0	    262.0	        490	        1382	       2288	  0.53469	1.6e-11	       244
   3	MA0593.1	FOXP2	RWGTAAACAVR	5.7e-6	   4.5e-9	         -19.21	         0.0	    234.0	        490	        1283	       2350	  0.47755	1.9e-11	       244
   2	3-GTAAAC	STREME-3	GTAAAC	8.1e-6	   6.4e-9	         -18.86	         0.0	    219.0	        495	        1809	       3642	  0.44242	2.6e-11	       247
   3	FOXP1_HUMAN.H11MO.0.A		TBTGTTTMY	1.0e-5	   8.1e-9	         -18.63	         0.0	    210.0	        492	        1763	       3668	  0.42683	3.3e-11	       245
   3	FOXO4_HUMAN.H11MO.0.C		TTGTTTAYK	1.2e-4	   9.7e-8	         -16.15	         0.0	    268.0	        492	        1850	       3084	  0.54472	4.0e-10	       245
   2	13-CCCTGCAGGCA	STREME-13	CCCTGCAGGCA	2.8e-4	   2.2e-7	         -15.34	         0.0	    172.0	        490	        1068	       2619	  0.35102	9.0e-10	       244
   3	FOXO1_HUMAN.H11MO.0.A		KBBYTGTTTHCN	4.7e-4	   3.8e-7	         -14.79	         0.0	    179.0	        489	        1521	       3677	  0.36605	1.5e-9	       244
   2	9-GATDNHATC	STREME-9	GATDNHATC	7.4e-4	   5.9e-7	         -14.35	         0.0	    192.0	        492	         380	        767	  0.39024	2.4e-9	       245
   3	ANDR_HUMAN.H11MO.0.A		TGTTCTTKKYTGTTTRYW	4.3e-3	   3.5e-6	         -12.58	         0.0	    129.0	        483	        1072	       3461	  0.26708	1.4e-8	       241
   3	MA0627.2	POU2F3	NWTATGCAAATNH	5.3e-3	   4.2e-6	         -12.38	         0.0	     70.0	        488	         502	       2763	  0.14344	1.7e-8	       243
   3	MA0025.2	NFIL3	NRTTATGYAATNN	1.3e-2	   1.1e-5	         -11.45	         0.0	    208.0	        488	        1335	       2800	  0.42623	4.4e-8	       243
   3	GCR_HUMAN.H11MO.0.A		RGAACABMVTGTNCY	1.2e-1	   9.2e-5	          -9.29	         0.0	    400.0	        486	        2801	       3274	  0.82305	3.8e-7	       242
   3	MA1138.1	FOSL2::JUNB	KRTGASTCAT	1.2e-1	   9.8e-5	          -9.23	         0.0	    287.0	        491	        1023	       1585	  0.58452	4.0e-7	       245
   3	MA0043.3	HLF	NNRTTATGCAACHN	1.7e-1	   1.3e-4	          -8.91	         0.0	    209.0	        487	         947	       1956	  0.42916	5.5e-7	       243
   3	MA1604.1	Ebf2	NYCCCAAGGGANN	2.1e-1	   1.7e-4	          -8.71	         0.0	    230.0	        488	        1593	       3094	  0.47131	6.8e-7	       243
   3	DBP_HUMAN.H11MO.0.B		VTTATGYAABM	2.1e-1	   1.7e-4	          -8.69	         0.0	    214.0	        490	        1591	       3324	  0.43673	6.9e-7	       244
   3	ZN317_HUMAN.H11MO.0.C		GAHTRACAGCWGACTTCTCA	3.3e-1	   2.6e-4	          -8.26	         0.0	    349.0	        481	        1683	       2185	  0.72557	1.1e-6	       240
   3	MA0007.3	Ar	RGGWACAYNGTGTWCYY	3.3e-1	   2.6e-4	          -8.25	         0.0	    218.0	        484	         269	        481	  0.45041	1.1e-6	       241
   3	MA1655.1	ZNF341	NRGAACAGCCNN	4.3e-1	   3.4e-4	          -7.99	         0.0	    167.0	        489	        1282	       3372	  0.34151	1.4e-6	       244
   3	MA2002.1	Zfp335	VNTCAGGCANH	4.4e-1	   3.5e-4	          -7.97	         0.0	    230.0	        490	        1755	       3446	  0.46939	1.4e-6	       244
   3	MA0766.2	GATA5	SWGATAASRN	4.4e-1	   3.5e-4	          -7.97	         0.0	    187.0	        491	        1011	       2362	  0.38086	1.4e-6	       245
   3	MA1637.1	EBF3	NYCCCAAGGGANN	5.0e-1	   4.0e-4	          -7.83	         0.0	    190.0	        488	        1339	       3111	  0.38934	1.6e-6	       243
   3	MA1141.1	FOS::JUND	NKATGAGTCATNN	5.2e-1	   4.2e-4	          -7.78	         0.0	    254.0	        488	         956	       1654	  0.52049	1.7e-6	       243
   3	MA0476.1	FOS	DVTGASTCATB	5.4e-1	   4.3e-4	          -7.76	         0.0	    222.0	        490	         602	       1154	  0.45306	1.7e-6	       244
   3	MA0813.1	TFAP2B	TGCCCYBRGGGCA	6.3e-1	   5.0e-4	          -7.60	         0.0	    224.0	        488	         500	        935	  0.45902	2.1e-6	       243
   3	MA0084.1	SRY	NWWAACAAT	6.5e-1	   5.2e-4	          -7.57	         0.0	    258.0	        492	        2023	       3594	  0.52439	2.1e-6	       245
   3	COE1_HUMAN.H11MO.0.A		ADBTCCCCAGGGAVH	6.9e-1	   5.5e-4	          -7.50	         0.0	    228.0	        486	        1450	       2830	  0.46914	2.3e-6	       242
   3	MA0036.3	GATA2	NBCTTATCTNH	7.1e-1	   5.6e-4	          -7.49	         0.0	    198.0	        490	        1402	       3154	  0.40408	2.3e-6	       244
   3	MA1950.1	FLI1::FOXI1	RTAAACAGGAARYN	7.1e-1	   5.7e-4	          -7.47	         0.0	    203.0	        487	        1349	       2941	  0.41684	2.3e-6	       243
   3	MA1144.1	FOSL2::JUND	KATGACTCAT	8.4e-1	   6.7e-4	          -7.31	         0.0	    377.0	        491	        1435	       1765	  0.76782	2.7e-6	       245
   3	MA1130.1	FOSL2::JUN	NNRTGAGTCAYN	9.5e-1	   7.6e-4	          -7.18	         0.0	    249.0	        489	        1282	       2304	  0.50920	3.1e-6	       244
   3	MA0727.1	NR3C2	KRGWACAYWRTGTWCYH	1.3e0	   1.0e-3	          -6.88	         0.0	    296.0	        484	         211	        285	  0.61157	4.3e-6	       241
   3	MA1946.1	ETV5::FOXI1	GTAAACAGGAWGY	1.3e0	   1.0e-3	          -6.87	         0.0	    310.0	        488	        1727	       2549	  0.63525	4.3e-6	       243
   3	MA0479.1	FOXH1	BNSAATCCACA	1.5e0	   1.2e-3	          -6.75	         0.0	    252.0	        490	         986	       1737	  0.51429	4.8e-6	       244
   3	MA0671.1	NFIX	NNTGCCAAN	1.5e0	   1.2e-3	          -6.72	         0.0	    236.0	        492	        1892	       3665	  0.47967	4.9e-6	       245
   3	MA1115.1	POU5F1	WHATGCAAATN	2.0e0	   1.6e-3	          -6.46	         0.0	     70.0	        490	         572	       3365	  0.14286	6.4e-6	       244
   3	MA0035.4	GATA1	NHCTAATCTDH	2.3e0	   1.8e-3	          -6.32	         0.0	     86.0	        490	         702	       3435	  0.17551	7.4e-6	       244
   3	PRGR_HUMAN.H11MO.0.A		RGAACATTYTGTTCTB	2.4e0	   1.9e-3	          -6.25	         0.0	    181.0	        485	        1404	       3430	  0.37320	8.0e-6	       242
   3	GATA1_HUMAN.H11MO.0.A		STGBNNNDNVSAGATAAGV	2.5e0	   2.0e-3	          -6.21	         0.0	    176.0	        482	        1252	       3109	  0.36515	8.4e-6	       240
   3	MA0815.1	TFAP2C	TGCCCYSRGGGCA	3.1e0	   2.5e-3	          -6.00	         0.0	    238.0	        488	         497	        888	  0.48770	1.0e-5	       243
   2	7-TGTGTACACA	STREME-7	TGTGTACACA	4.0e0	   3.2e-3	          -5.76	         0.0	     67.0	        491	         189	       1028	  0.13646	1.3e-5	       245
   3	FOSL1_HUMAN.H11MO.0.A		KRVTGAGTCAYH	5.1e0	   4.1e-3	          -5.51	         0.0	    285.0	        489	        1049	       1657	  0.58282	1.7e-5	       244
   3	MA1942.1	ETV2::FOXI1	BGTAAACAGGAAGYR	5.2e0	   4.1e-3	          -5.49	         0.0	    316.0	        486	        2073	       3022	  0.65021	1.7e-5	       242
   3	MA0037.4	Gata3	NHTCTTATCTNH	5.3e0	   4.2e-3	          -5.48	         0.0	    107.0	        489	         871	       3508	  0.21881	1.7e-5	       244
   3	MA1936.1	ERF::FOXO1	RTMAACAGGAARBS	5.5e0	   4.3e-3	          -5.44	         0.0	    307.0	        487	        1965	       2946	  0.63039	1.8e-5	       243
   3	MA0792.1	POU5F1B	TATGCWAAT	5.9e0	   4.7e-3	          -5.37	         0.0	     18.0	        492	         165	       3219	  0.03659	1.9e-5	       245
   3	MA0647.1	GRHL1	AAAACCGGTTTD	6.3e0	   5.0e-3	          -5.30	         0.0	    193.0	        489	         561	       1240	  0.39468	2.0e-5	       244
   2	4-AGATAA	STREME-4	AGATAA	6.5e0	   5.2e-3	          -5.27	         0.0	    199.0	        495	        1596	       3664	  0.40202	2.1e-5	       247
   3	MA1135.1	FOSB::JUNB	KRTGASTCAT	6.9e0	   5.5e-3	          -5.20	         0.0	    255.0	        491	        1014	       1785	  0.51935	2.3e-5	       245
   3	MA0099.3	FOS::JUN	ATGAGTCAYM	7.2e0	   5.7e-3	          -5.16	         0.0	    253.0	        491	        1417	       2549	  0.51527	2.4e-5	       245
   3	MA0670.1	NFIA	NDTGCCAAND	7.5e0	   6.0e-3	          -5.12	         0.0	    127.0	        491	         413	       1337	  0.25866	2.5e-5	       245
   3	PO2F1_HUMAN.H11MO.0.C		AWKBRWATGSAAWYAW	8.6e0	   6.8e-3	          -4.99	         0.0	     57.0	        485	         464	       3297	  0.11753	2.8e-5	       242
   3	MA0872.1	TFAP2A	TGCCCYSRGGGCA	8.8e0	   7.0e-3	          -4.96	         0.0	    240.0	        488	         582	       1050	  0.49180	2.9e-5	       243
   3	MA0786.1	POU3F1	WTATGCWAATKW	8.9e0	   7.1e-3	          -4.95	         0.0	     19.0	        489	         159	       2938	  0.03885	2.9e-5	       244
   3	MA1712.1	ZNF454	DGGCTCSSGGCCCYGVKG	8.9e0	   7.1e-3	          -4.95	         0.0	    257.0	        483	        1249	       2171	  0.53209	3.0e-5	       241
   3	MA1953.1	FOXO1::ELF1	RTMAACAGGAAGTN	9.3e0	   7.4e-3	          -4.91	         0.0	    279.0	        487	        1916	       3150	  0.57290	3.1e-5	       243
   3	MA0113.3	NR3C1	DRGWACAYDRTGTWCYH	9.7e0	   7.7e-3	          -4.87	         0.0	    296.0	        484	         213	        294	  0.61157	3.2e-5	       241

# CentriMo (Local Motif Enrichment Analysis): Version 5.4.1 compiled on May 17 2022 at 23:53:34
# The format of this file is described at http://meme-suite.org/doc/centrimo-output-format.html.
# centrimo -seqlen 500 -verbosity 1 -oc output/meme/all4_h3k27ac/centrimo_out -bfile output/meme/all4_h3k27ac/background output/meme/all4_h3k27ac/all4_h3k27ac.fa output/meme/all4_h3k27ac/meme_out/meme.xml output/meme/all4_h3k27ac/streme_out/streme.xml data/external/MOTIFS.meme
