motif_id	motif_alt_id	sequence_name	start	stop	strand	score	p-value	q-value	matched_sequence
9-GATDNHATC	STREME-9	chr6	17012910	17012918	+	12.878	1.25e-05	0.518	GATAATATC
9-GATDNHATC	STREME-9	chr6	17012910	17012918	-	12.878	1.25e-05	0.518	GATATTATC
9-GATDNHATC	STREME-9	chr17	17349796	17349804	+	12.878	1.25e-05	0.518	GATAATATC
9-GATDNHATC	STREME-9	chr17	17349796	17349804	-	12.878	1.25e-05	0.518	GATATTATC
9-GATDNHATC	STREME-9	chr16	19617125	19617133	+	12.878	1.25e-05	0.518	GATATTATC
9-GATDNHATC	STREME-9	chr16	19617125	19617133	-	12.878	1.25e-05	0.518	GATAATATC
9-GATDNHATC	STREME-9	chr20	20740444	20740452	+	12.878	1.25e-05	0.518	GATAATATC
9-GATDNHATC	STREME-9	chr20	20740444	20740452	-	12.878	1.25e-05	0.518	GATATTATC
9-GATDNHATC	STREME-9	chr2	20780503	20780511	+	12.878	1.25e-05	0.518	GATAATATC
9-GATDNHATC	STREME-9	chr2	20780503	20780511	-	12.878	1.25e-05	0.518	GATATTATC
9-GATDNHATC	STREME-9	chr7	22390993	22391001	+	12.878	1.25e-05	0.518	GATAATATC
9-GATDNHATC	STREME-9	chr7	22390993	22391001	-	12.878	1.25e-05	0.518	GATATTATC
9-GATDNHATC	STREME-9	chr22	29781685	29781693	+	12.878	1.25e-05	0.518	GATAATATC
9-GATDNHATC	STREME-9	chr22	29781685	29781693	-	12.878	1.25e-05	0.518	GATATTATC
9-GATDNHATC	STREME-9	chr11	29866256	29866264	+	12.878	1.25e-05	0.518	GATATTATC
9-GATDNHATC	STREME-9	chr11	29866256	29866264	-	12.878	1.25e-05	0.518	GATAATATC
9-GATDNHATC	STREME-9	chr10	30080854	30080862	+	12.878	1.25e-05	0.518	GATATTATC
9-GATDNHATC	STREME-9	chr10	30080854	30080862	-	12.878	1.25e-05	0.518	GATAATATC
9-GATDNHATC	STREME-9	chr7	42137579	42137587	+	12.878	1.25e-05	0.518	GATATTATC
9-GATDNHATC	STREME-9	chr7	42137579	42137587	-	12.878	1.25e-05	0.518	GATAATATC
9-GATDNHATC	STREME-9	chr18	42356697	42356705	+	12.878	1.25e-05	0.518	GATAATATC
9-GATDNHATC	STREME-9	chr18	42356697	42356705	-	12.878	1.25e-05	0.518	GATATTATC
9-GATDNHATC	STREME-9	chr13	42477614	42477622	+	12.878	1.25e-05	0.518	GATAATATC
9-GATDNHATC	STREME-9	chr13	42477614	42477622	-	12.878	1.25e-05	0.518	GATATTATC
9-GATDNHATC	STREME-9	chr15	42563424	42563432	+	12.878	1.25e-05	0.518	GATAATATC
9-GATDNHATC	STREME-9	chr15	42563424	42563432	-	12.878	1.25e-05	0.518	GATATTATC
9-GATDNHATC	STREME-9	chr12	48339307	48339315	+	12.878	1.25e-05	0.518	GATAATATC
9-GATDNHATC	STREME-9	chr12	48339307	48339315	-	12.878	1.25e-05	0.518	GATATTATC
9-GATDNHATC	STREME-9	chr14	52396628	52396636	+	12.878	1.25e-05	0.518	GATATTATC
9-GATDNHATC	STREME-9	chr14	52396628	52396636	-	12.878	1.25e-05	0.518	GATAATATC
9-GATDNHATC	STREME-9	chr11	57807471	57807479	+	12.878	1.25e-05	0.518	GATAATATC
9-GATDNHATC	STREME-9	chr11	57807471	57807479	-	12.878	1.25e-05	0.518	GATATTATC
9-GATDNHATC	STREME-9	chr15	71364081	71364089	+	12.878	1.25e-05	0.518	GATAATATC
9-GATDNHATC	STREME-9	chr15	71364081	71364089	-	12.878	1.25e-05	0.518	GATATTATC
9-GATDNHATC	STREME-9	chr14	81084715	81084723	+	12.878	1.25e-05	0.518	GATAATATC
9-GATDNHATC	STREME-9	chr14	81084715	81084723	-	12.878	1.25e-05	0.518	GATATTATC
9-GATDNHATC	STREME-9	chr12	93930061	93930069	+	12.878	1.25e-05	0.518	GATATTATC
9-GATDNHATC	STREME-9	chr12	93930061	93930069	-	12.878	1.25e-05	0.518	GATAATATC
9-GATDNHATC	STREME-9	chr4	94104169	94104177	+	12.878	1.25e-05	0.518	GATAATATC
9-GATDNHATC	STREME-9	chr4	94104169	94104177	-	12.878	1.25e-05	0.518	GATATTATC
9-GATDNHATC	STREME-9	chr12	96111894	96111902	+	12.878	1.25e-05	0.518	GATAATATC
9-GATDNHATC	STREME-9	chr12	96111894	96111902	-	12.878	1.25e-05	0.518	GATATTATC
9-GATDNHATC	STREME-9	chr11	106472398	106472406	+	12.878	1.25e-05	0.518	GATATTATC
9-GATDNHATC	STREME-9	chr11	106472398	106472406	-	12.878	1.25e-05	0.518	GATAATATC
9-GATDNHATC	STREME-9	chr1	109841829	109841837	+	12.878	1.25e-05	0.518	GATATTATC
9-GATDNHATC	STREME-9	chr1	109841829	109841837	-	12.878	1.25e-05	0.518	GATAATATC
9-GATDNHATC	STREME-9	chr8	119862621	119862629	+	12.878	1.25e-05	0.518	GATAATATC
9-GATDNHATC	STREME-9	chr8	119862621	119862629	-	12.878	1.25e-05	0.518	GATATTATC
9-GATDNHATC	STREME-9	chr4	124386690	124386698	+	12.878	1.25e-05	0.518	GATATTATC
9-GATDNHATC	STREME-9	chr4	124386690	124386698	-	12.878	1.25e-05	0.518	GATAATATC
9-GATDNHATC	STREME-9	chr7	130681843	130681851	+	12.878	1.25e-05	0.518	GATAATATC
9-GATDNHATC	STREME-9	chr7	130681843	130681851	-	12.878	1.25e-05	0.518	GATATTATC
9-GATDNHATC	STREME-9	chr8	134837259	134837267	+	12.878	1.25e-05	0.518	GATATTATC
9-GATDNHATC	STREME-9	chr8	134837259	134837267	-	12.878	1.25e-05	0.518	GATAATATC
9-GATDNHATC	STREME-9	chr6	137018414	137018422	+	12.878	1.25e-05	0.518	GATATTATC
9-GATDNHATC	STREME-9	chr6	137018414	137018422	-	12.878	1.25e-05	0.518	GATAATATC
9-GATDNHATC	STREME-9	chr2	151713399	151713407	+	12.878	1.25e-05	0.518	GATATTATC
9-GATDNHATC	STREME-9	chr2	151713399	151713407	-	12.878	1.25e-05	0.518	GATAATATC
9-GATDNHATC	STREME-9	chr4	160605809	160605817	+	12.878	1.25e-05	0.518	GATAATATC
9-GATDNHATC	STREME-9	chr4	160605809	160605817	-	12.878	1.25e-05	0.518	GATATTATC
9-GATDNHATC	STREME-9	chr6	164426647	164426655	+	12.878	1.25e-05	0.518	GATAATATC
9-GATDNHATC	STREME-9	chr6	164426647	164426655	-	12.878	1.25e-05	0.518	GATATTATC
9-GATDNHATC	STREME-9	chr2	167488394	167488402	+	12.878	1.25e-05	0.518	GATATTATC
9-GATDNHATC	STREME-9	chr2	167488394	167488402	-	12.878	1.25e-05	0.518	GATAATATC
9-GATDNHATC	STREME-9	chr2	169386250	169386258	+	12.878	1.25e-05	0.518	GATAATATC
9-GATDNHATC	STREME-9	chr2	169386250	169386258	-	12.878	1.25e-05	0.518	GATATTATC
9-GATDNHATC	STREME-9	chr2	187467118	187467126	+	12.878	1.25e-05	0.518	GATAATATC
9-GATDNHATC	STREME-9	chr2	187467118	187467126	-	12.878	1.25e-05	0.518	GATATTATC
9-GATDNHATC	STREME-9	chr1	202349424	202349432	+	12.878	1.25e-05	0.518	GATATTATC
9-GATDNHATC	STREME-9	chr1	202349424	202349432	-	12.878	1.25e-05	0.518	GATAATATC
9-GATDNHATC	STREME-9	chr1	215425394	215425402	+	12.878	1.25e-05	0.518	GATATTATC
9-GATDNHATC	STREME-9	chr1	215425394	215425402	-	12.878	1.25e-05	0.518	GATAATATC
9-GATDNHATC	STREME-9	chr1	233110932	233110940	+	12.878	1.25e-05	0.518	GATATTATC
9-GATDNHATC	STREME-9	chr1	233110932	233110940	-	12.878	1.25e-05	0.518	GATAATATC
9-GATDNHATC	STREME-9	chr2	239299111	239299119	+	12.878	1.25e-05	0.518	GATAATATC
9-GATDNHATC	STREME-9	chr2	239299111	239299119	-	12.878	1.25e-05	0.518	GATATTATC
9-GATDNHATC	STREME-9	chr2	36051	36059	+	12.6463	3.26e-05	0.518	GATAACATC
9-GATDNHATC	STREME-9	chr2	36051	36059	-	12.6463	3.26e-05	0.518	GATGTTATC
9-GATDNHATC	STREME-9	chr7	2874966	2874974	+	12.6463	3.26e-05	0.518	GATATCATC
9-GATDNHATC	STREME-9	chr7	2874966	2874974	-	12.6463	3.26e-05	0.518	GATGATATC
9-GATDNHATC	STREME-9	chr16	4202546	4202554	+	12.6463	3.26e-05	0.518	GATGATATC
9-GATDNHATC	STREME-9	chr16	4202546	4202554	-	12.6463	3.26e-05	0.518	GATATCATC
9-GATDNHATC	STREME-9	chr6	4583234	4583242	+	12.6463	3.26e-05	0.518	GATAACATC
9-GATDNHATC	STREME-9	chr6	4583234	4583242	-	12.6463	3.26e-05	0.518	GATGTTATC
9-GATDNHATC	STREME-9	chr4	6315046	6315054	+	12.6463	3.26e-05	0.518	GATAACATC
9-GATDNHATC	STREME-9	chr4	6315046	6315054	-	12.6463	3.26e-05	0.518	GATGTTATC
9-GATDNHATC	STREME-9	chr4	7834783	7834791	+	12.6463	3.26e-05	0.518	GATAACATC
9-GATDNHATC	STREME-9	chr4	7834783	7834791	-	12.6463	3.26e-05	0.518	GATGTTATC
9-GATDNHATC	STREME-9	chr18	11120151	11120159	+	12.6463	3.26e-05	0.518	GATAACATC
9-GATDNHATC	STREME-9	chr18	11120151	11120159	-	12.6463	3.26e-05	0.518	GATGTTATC
9-GATDNHATC	STREME-9	chr5	14256917	14256925	+	12.6463	3.26e-05	0.518	GATGATATC
9-GATDNHATC	STREME-9	chr5	14256917	14256925	-	12.6463	3.26e-05	0.518	GATATCATC
9-GATDNHATC	STREME-9	chr2	17547374	17547382	+	12.6463	3.26e-05	0.518	GATGTTATC
9-GATDNHATC	STREME-9	chr2	17547374	17547382	-	12.6463	3.26e-05	0.518	GATAACATC
9-GATDNHATC	STREME-9	chr5	17658816	17658824	+	12.6463	3.26e-05	0.518	GATGTTATC
9-GATDNHATC	STREME-9	chr5	17658816	17658824	-	12.6463	3.26e-05	0.518	GATAACATC
9-GATDNHATC	STREME-9	chrX	18028652	18028660	+	12.6463	3.26e-05	0.518	GATATCATC
9-GATDNHATC	STREME-9	chrX	18028652	18028660	-	12.6463	3.26e-05	0.518	GATGATATC
9-GATDNHATC	STREME-9	chr10	21473738	21473746	+	12.6463	3.26e-05	0.518	GATGATATC
9-GATDNHATC	STREME-9	chr10	21473738	21473746	-	12.6463	3.26e-05	0.518	GATATCATC
9-GATDNHATC	STREME-9	chr11	21486549	21486557	+	12.6463	3.26e-05	0.518	GATGTTATC
9-GATDNHATC	STREME-9	chr11	21486549	21486557	-	12.6463	3.26e-05	0.518	GATAACATC
9-GATDNHATC	STREME-9	chr10	22403425	22403433	+	12.6463	3.26e-05	0.518	GATGTTATC
9-GATDNHATC	STREME-9	chr10	22403425	22403433	-	12.6463	3.26e-05	0.518	GATAACATC
9-GATDNHATC	STREME-9	chr20	22788288	22788296	+	12.6463	3.26e-05	0.518	GATAACATC
9-GATDNHATC	STREME-9	chr20	22788288	22788296	-	12.6463	3.26e-05	0.518	GATGTTATC
9-GATDNHATC	STREME-9	chr14	27568773	27568781	+	12.6463	3.26e-05	0.518	GATGATATC
9-GATDNHATC	STREME-9	chr14	27568773	27568781	-	12.6463	3.26e-05	0.518	GATATCATC
9-GATDNHATC	STREME-9	chr16	27608855	27608863	+	12.6463	3.26e-05	0.518	GATGTTATC
9-GATDNHATC	STREME-9	chr16	27608855	27608863	-	12.6463	3.26e-05	0.518	GATAACATC
9-GATDNHATC	STREME-9	chr8	29144415	29144423	+	12.6463	3.26e-05	0.518	GATGTTATC
9-GATDNHATC	STREME-9	chr8	29144415	29144423	-	12.6463	3.26e-05	0.518	GATAACATC
9-GATDNHATC	STREME-9	chr16	30057729	30057737	+	12.6463	3.26e-05	0.518	GATATCATC
9-GATDNHATC	STREME-9	chr16	30057729	30057737	-	12.6463	3.26e-05	0.518	GATGATATC
9-GATDNHATC	STREME-9	chr13	30963654	30963662	+	12.6463	3.26e-05	0.518	GATAACATC
9-GATDNHATC	STREME-9	chr13	30963654	30963662	-	12.6463	3.26e-05	0.518	GATGTTATC
9-GATDNHATC	STREME-9	chr18	33548200	33548208	+	12.6463	3.26e-05	0.518	GATATCATC
9-GATDNHATC	STREME-9	chr18	33548200	33548208	-	12.6463	3.26e-05	0.518	GATGATATC
9-GATDNHATC	STREME-9	chr6	34220527	34220535	+	12.6463	3.26e-05	0.518	GATAACATC
9-GATDNHATC	STREME-9	chr6	34220527	34220535	-	12.6463	3.26e-05	0.518	GATGTTATC
9-GATDNHATC	STREME-9	chr22	34434030	34434038	+	12.6463	3.26e-05	0.518	GATAACATC
9-GATDNHATC	STREME-9	chr22	34434030	34434038	-	12.6463	3.26e-05	0.518	GATGTTATC
9-GATDNHATC	STREME-9	chr10	34988115	34988123	+	12.6463	3.26e-05	0.518	GATAACATC
9-GATDNHATC	STREME-9	chr10	34988115	34988123	-	12.6463	3.26e-05	0.518	GATGTTATC
9-GATDNHATC	STREME-9	chr21	36187101	36187109	+	12.6463	3.26e-05	0.518	GATAACATC
9-GATDNHATC	STREME-9	chr21	36187101	36187109	-	12.6463	3.26e-05	0.518	GATGTTATC
9-GATDNHATC	STREME-9	chr22	36748294	36748302	+	12.6463	3.26e-05	0.518	GATGTTATC
9-GATDNHATC	STREME-9	chr22	36748294	36748302	-	12.6463	3.26e-05	0.518	GATAACATC
9-GATDNHATC	STREME-9	chr15	39160737	39160745	+	12.6463	3.26e-05	0.518	GATATCATC
9-GATDNHATC	STREME-9	chr15	39160737	39160745	-	12.6463	3.26e-05	0.518	GATGATATC
9-GATDNHATC	STREME-9	chr21	39786839	39786847	+	12.6463	3.26e-05	0.518	GATAACATC
9-GATDNHATC	STREME-9	chr21	39786839	39786847	-	12.6463	3.26e-05	0.518	GATGTTATC
9-GATDNHATC	STREME-9	chr15	39823181	39823189	+	12.6463	3.26e-05	0.518	GATAACATC
9-GATDNHATC	STREME-9	chr15	39823181	39823189	-	12.6463	3.26e-05	0.518	GATGTTATC
9-GATDNHATC	STREME-9	chr19	40837246	40837254	+	12.6463	3.26e-05	0.518	GATAACATC
9-GATDNHATC	STREME-9	chr19	40837246	40837254	-	12.6463	3.26e-05	0.518	GATGTTATC
9-GATDNHATC	STREME-9	chr13	41008851	41008859	+	12.6463	3.26e-05	0.518	GATGTTATC
9-GATDNHATC	STREME-9	chr13	41008851	41008859	-	12.6463	3.26e-05	0.518	GATAACATC
9-GATDNHATC	STREME-9	chr8	42138194	42138202	+	12.6463	3.26e-05	0.518	GATATCATC
9-GATDNHATC	STREME-9	chr8	42138194	42138202	-	12.6463	3.26e-05	0.518	GATGATATC
9-GATDNHATC	STREME-9	chr2	43358282	43358290	+	12.6463	3.26e-05	0.518	GATAACATC
9-GATDNHATC	STREME-9	chr2	43358282	43358290	-	12.6463	3.26e-05	0.518	GATGTTATC
9-GATDNHATC	STREME-9	chr1	45910678	45910686	+	12.6463	3.26e-05	0.518	GATAACATC
9-GATDNHATC	STREME-9	chr1	45910678	45910686	-	12.6463	3.26e-05	0.518	GATGTTATC
9-GATDNHATC	STREME-9	chr14	52840476	52840484	+	12.6463	3.26e-05	0.518	GATGTTATC
9-GATDNHATC	STREME-9	chr14	52840476	52840484	-	12.6463	3.26e-05	0.518	GATAACATC
9-GATDNHATC	STREME-9	chr18	53405238	53405246	+	12.6463	3.26e-05	0.518	GATGTTATC
9-GATDNHATC	STREME-9	chr18	53405238	53405246	-	12.6463	3.26e-05	0.518	GATAACATC
9-GATDNHATC	STREME-9	chr16	53467682	53467690	+	12.6463	3.26e-05	0.518	GATGTTATC
9-GATDNHATC	STREME-9	chr16	53467682	53467690	-	12.6463	3.26e-05	0.518	GATAACATC
9-GATDNHATC	STREME-9	chr5	55646654	55646662	+	12.6463	3.26e-05	0.518	GATGTTATC
9-GATDNHATC	STREME-9	chr5	55646654	55646662	-	12.6463	3.26e-05	0.518	GATAACATC
9-GATDNHATC	STREME-9	chr15	58622362	58622370	+	12.6463	3.26e-05	0.518	GATGATATC
9-GATDNHATC	STREME-9	chr15	58622362	58622370	-	12.6463	3.26e-05	0.518	GATATCATC
9-GATDNHATC	STREME-9	chr12	60130861	60130869	+	12.6463	3.26e-05	0.518	GATAACATC
9-GATDNHATC	STREME-9	chr12	60130861	60130869	-	12.6463	3.26e-05	0.518	GATGTTATC
9-GATDNHATC	STREME-9	chr15	67331261	67331269	+	12.6463	3.26e-05	0.518	GATAACATC
9-GATDNHATC	STREME-9	chr15	67331261	67331269	-	12.6463	3.26e-05	0.518	GATGTTATC
9-GATDNHATC	STREME-9	chr10	67651080	67651088	+	12.6463	3.26e-05	0.518	GATGATATC
9-GATDNHATC	STREME-9	chr10	67651080	67651088	-	12.6463	3.26e-05	0.518	GATATCATC
9-GATDNHATC	STREME-9	chr7	68196668	68196676	+	12.6463	3.26e-05	0.518	GATAACATC
9-GATDNHATC	STREME-9	chr7	68196668	68196676	-	12.6463	3.26e-05	0.518	GATGTTATC
9-GATDNHATC	STREME-9	chr15	69843870	69843878	+	12.6463	3.26e-05	0.518	GATAACATC
9-GATDNHATC	STREME-9	chr15	69843870	69843878	-	12.6463	3.26e-05	0.518	GATGTTATC
9-GATDNHATC	STREME-9	chr3	72714893	72714901	+	12.6463	3.26e-05	0.518	GATGTTATC
9-GATDNHATC	STREME-9	chr3	72714893	72714901	-	12.6463	3.26e-05	0.518	GATAACATC
9-GATDNHATC	STREME-9	chrX	73669345	73669353	+	12.6463	3.26e-05	0.518	GATAACATC
9-GATDNHATC	STREME-9	chrX	73669345	73669353	-	12.6463	3.26e-05	0.518	GATGTTATC
9-GATDNHATC	STREME-9	chr3	73862699	73862707	+	12.6463	3.26e-05	0.518	GATATCATC
9-GATDNHATC	STREME-9	chr3	73862699	73862707	-	12.6463	3.26e-05	0.518	GATGATATC
9-GATDNHATC	STREME-9	chr1	74139457	74139465	+	12.6463	3.26e-05	0.518	GATAACATC
9-GATDNHATC	STREME-9	chr1	74139457	74139465	-	12.6463	3.26e-05	0.518	GATGTTATC
9-GATDNHATC	STREME-9	chr14	78089393	78089401	+	12.6463	3.26e-05	0.518	GATATCATC
9-GATDNHATC	STREME-9	chr14	78089393	78089401	-	12.6463	3.26e-05	0.518	GATGATATC
9-GATDNHATC	STREME-9	chr4	78485658	78485666	+	12.6463	3.26e-05	0.518	GATGATATC
9-GATDNHATC	STREME-9	chr4	78485658	78485666	-	12.6463	3.26e-05	0.518	GATATCATC
9-GATDNHATC	STREME-9	chr11	80400442	80400450	+	12.6463	3.26e-05	0.518	GATGTTATC
9-GATDNHATC	STREME-9	chr11	80400442	80400450	-	12.6463	3.26e-05	0.518	GATAACATC
9-GATDNHATC	STREME-9	chr5	81906759	81906767	+	12.6463	3.26e-05	0.518	GATATCATC
9-GATDNHATC	STREME-9	chr5	81906759	81906767	-	12.6463	3.26e-05	0.518	GATGATATC
9-GATDNHATC	STREME-9	chr10	82726243	82726251	+	12.6463	3.26e-05	0.518	GATAACATC
9-GATDNHATC	STREME-9	chr10	82726243	82726251	-	12.6463	3.26e-05	0.518	GATGTTATC
9-GATDNHATC	STREME-9	chr8	88318036	88318044	+	12.6463	3.26e-05	0.518	GATAACATC
9-GATDNHATC	STREME-9	chr8	88318036	88318044	-	12.6463	3.26e-05	0.518	GATGTTATC
9-GATDNHATC	STREME-9	chr8	96113424	96113432	+	12.6463	3.26e-05	0.518	GATAACATC
9-GATDNHATC	STREME-9	chr8	96113424	96113432	-	12.6463	3.26e-05	0.518	GATGTTATC
9-GATDNHATC	STREME-9	chr14	98354991	98354999	+	12.6463	3.26e-05	0.518	GATGTTATC
9-GATDNHATC	STREME-9	chr14	98354991	98354999	-	12.6463	3.26e-05	0.518	GATAACATC
9-GATDNHATC	STREME-9	chr15	99398697	99398705	+	12.6463	3.26e-05	0.518	GATGTTATC
9-GATDNHATC	STREME-9	chr15	99398697	99398705	-	12.6463	3.26e-05	0.518	GATAACATC
9-GATDNHATC	STREME-9	chr1	108281720	108281728	+	12.6463	3.26e-05	0.518	GATATCATC
9-GATDNHATC	STREME-9	chr1	108281720	108281728	-	12.6463	3.26e-05	0.518	GATGATATC
9-GATDNHATC	STREME-9	chr1	110778866	110778874	+	12.6463	3.26e-05	0.518	GATGTTATC
9-GATDNHATC	STREME-9	chr1	110778866	110778874	-	12.6463	3.26e-05	0.518	GATAACATC
9-GATDNHATC	STREME-9	chr8	123798567	123798575	+	12.6463	3.26e-05	0.518	GATGATATC
9-GATDNHATC	STREME-9	chr8	123798567	123798575	-	12.6463	3.26e-05	0.518	GATATCATC
9-GATDNHATC	STREME-9	chr5	124379878	124379886	+	12.6463	3.26e-05	0.518	GATGATATC
9-GATDNHATC	STREME-9	chr5	124379878	124379886	-	12.6463	3.26e-05	0.518	GATATCATC
9-GATDNHATC	STREME-9	chr10	124987433	124987441	+	12.6463	3.26e-05	0.518	GATGATATC
9-GATDNHATC	STREME-9	chr10	124987433	124987441	-	12.6463	3.26e-05	0.518	GATATCATC
9-GATDNHATC	STREME-9	chr7	129066843	129066851	+	12.6463	3.26e-05	0.518	GATAACATC
9-GATDNHATC	STREME-9	chr7	129066843	129066851	-	12.6463	3.26e-05	0.518	GATGTTATC
9-GATDNHATC	STREME-9	chrX	132578696	132578704	+	12.6463	3.26e-05	0.518	GATATCATC
9-GATDNHATC	STREME-9	chrX	132578696	132578704	-	12.6463	3.26e-05	0.518	GATGATATC
9-GATDNHATC	STREME-9	chr2	134262906	134262914	+	12.6463	3.26e-05	0.518	GATAACATC
9-GATDNHATC	STREME-9	chr2	134262906	134262914	-	12.6463	3.26e-05	0.518	GATGTTATC
9-GATDNHATC	STREME-9	chr8	142238744	142238752	+	12.6463	3.26e-05	0.518	GATGTTATC
9-GATDNHATC	STREME-9	chr8	142238744	142238752	-	12.6463	3.26e-05	0.518	GATAACATC
9-GATDNHATC	STREME-9	chr2	142318747	142318755	+	12.6463	3.26e-05	0.518	GATGATATC
9-GATDNHATC	STREME-9	chr2	142318747	142318755	-	12.6463	3.26e-05	0.518	GATATCATC
9-GATDNHATC	STREME-9	chr5	148980710	148980718	+	12.6463	3.26e-05	0.518	GATGATATC
9-GATDNHATC	STREME-9	chr5	148980713	148980721	+	12.6463	3.26e-05	0.518	GATATCATC
9-GATDNHATC	STREME-9	chr5	148980710	148980718	-	12.6463	3.26e-05	0.518	GATATCATC
9-GATDNHATC	STREME-9	chr5	148980713	148980721	-	12.6463	3.26e-05	0.518	GATGATATC
9-GATDNHATC	STREME-9	chr3	149956606	149956614	+	12.6463	3.26e-05	0.518	GATGTTATC
9-GATDNHATC	STREME-9	chr3	149956606	149956614	-	12.6463	3.26e-05	0.518	GATAACATC
9-GATDNHATC	STREME-9	chrX	151029010	151029018	+	12.6463	3.26e-05	0.518	GATAACATC
9-GATDNHATC	STREME-9	chrX	151029010	151029018	-	12.6463	3.26e-05	0.518	GATGTTATC
9-GATDNHATC	STREME-9	chr1	165132313	165132321	+	12.6463	3.26e-05	0.518	GATGTTATC
9-GATDNHATC	STREME-9	chr1	165132313	165132321	-	12.6463	3.26e-05	0.518	GATAACATC
9-GATDNHATC	STREME-9	chr2	165376920	165376928	+	12.6463	3.26e-05	0.518	GATAACATC
9-GATDNHATC	STREME-9	chr2	165376920	165376928	-	12.6463	3.26e-05	0.518	GATGTTATC
9-GATDNHATC	STREME-9	chr3	177353756	177353764	+	12.6463	3.26e-05	0.518	GATGTTATC
9-GATDNHATC	STREME-9	chr3	177353756	177353764	-	12.6463	3.26e-05	0.518	GATAACATC
9-GATDNHATC	STREME-9	chr1	193921445	193921453	+	12.6463	3.26e-05	0.518	GATATCATC
9-GATDNHATC	STREME-9	chr1	193921445	193921453	-	12.6463	3.26e-05	0.518	GATGATATC
9-GATDNHATC	STREME-9	chr1	222280812	222280820	+	12.6463	3.26e-05	0.518	GATGTTATC
9-GATDNHATC	STREME-9	chr1	222280812	222280820	-	12.6463	3.26e-05	0.518	GATAACATC
9-GATDNHATC	STREME-9	chr2	6073798	6073806	+	12.4146	4.07e-05	0.546	GATGACATC
9-GATDNHATC	STREME-9	chr2	6073798	6073806	-	12.4146	4.07e-05	0.546	GATGTCATC
9-GATDNHATC	STREME-9	chr9	14326504	14326512	+	12.4146	4.07e-05	0.546	GATGACATC
9-GATDNHATC	STREME-9	chr9	14326504	14326512	-	12.4146	4.07e-05	0.546	GATGTCATC
9-GATDNHATC	STREME-9	chr18	18871015	18871023	+	12.4146	4.07e-05	0.546	GATGTCATC
9-GATDNHATC	STREME-9	chr18	18871015	18871023	-	12.4146	4.07e-05	0.546	GATGACATC
9-GATDNHATC	STREME-9	chr16	25131043	25131051	+	12.4146	4.07e-05	0.546	GATGACATC
9-GATDNHATC	STREME-9	chr16	25131043	25131051	-	12.4146	4.07e-05	0.546	GATGTCATC
9-GATDNHATC	STREME-9	chr3	25302170	25302178	+	12.4146	4.07e-05	0.546	GATGTCATC
9-GATDNHATC	STREME-9	chr3	25302170	25302178	-	12.4146	4.07e-05	0.546	GATGACATC
9-GATDNHATC	STREME-9	chr22	30804933	30804941	+	12.4146	4.07e-05	0.546	GATGTCATC
9-GATDNHATC	STREME-9	chr22	30804933	30804941	-	12.4146	4.07e-05	0.546	GATGACATC
9-GATDNHATC	STREME-9	chr20	31564450	31564458	+	12.4146	4.07e-05	0.546	GATGTCATC
9-GATDNHATC	STREME-9	chr20	31564450	31564458	-	12.4146	4.07e-05	0.546	GATGACATC
9-GATDNHATC	STREME-9	chr20	34379547	34379555	+	12.4146	4.07e-05	0.546	GATGTCATC
9-GATDNHATC	STREME-9	chr20	34379547	34379555	-	12.4146	4.07e-05	0.546	GATGACATC
9-GATDNHATC	STREME-9	chr3	35137882	35137890	+	12.4146	4.07e-05	0.546	GATGTCATC
9-GATDNHATC	STREME-9	chr3	35137882	35137890	-	12.4146	4.07e-05	0.546	GATGACATC
9-GATDNHATC	STREME-9	chr19	38790071	38790079	+	12.4146	4.07e-05	0.546	GATGACATC
9-GATDNHATC	STREME-9	chr19	38790071	38790079	-	12.4146	4.07e-05	0.546	GATGTCATC
9-GATDNHATC	STREME-9	chr22	43390148	43390156	+	12.4146	4.07e-05	0.546	GATGTCATC
9-GATDNHATC	STREME-9	chr22	43390148	43390156	-	12.4146	4.07e-05	0.546	GATGACATC
9-GATDNHATC	STREME-9	chr13	54759104	54759112	+	12.4146	4.07e-05	0.546	GATGACATC
9-GATDNHATC	STREME-9	chr13	54759104	54759112	-	12.4146	4.07e-05	0.546	GATGTCATC
9-GATDNHATC	STREME-9	chr3	59247326	59247334	+	12.4146	4.07e-05	0.546	GATGTCATC
9-GATDNHATC	STREME-9	chr3	59247326	59247334	-	12.4146	4.07e-05	0.546	GATGACATC
9-GATDNHATC	STREME-9	chr11	75054197	75054205	+	12.4146	4.07e-05	0.546	GATGACATC
9-GATDNHATC	STREME-9	chr11	75054197	75054205	-	12.4146	4.07e-05	0.546	GATGTCATC
9-GATDNHATC	STREME-9	chr7	75737873	75737881	+	12.4146	4.07e-05	0.546	GATGTCATC
9-GATDNHATC	STREME-9	chr7	75737873	75737881	-	12.4146	4.07e-05	0.546	GATGACATC
9-GATDNHATC	STREME-9	chr1	184808104	184808112	+	12.4146	4.07e-05	0.546	GATGTCATC
9-GATDNHATC	STREME-9	chr1	184808104	184808112	-	12.4146	4.07e-05	0.546	GATGACATC
9-GATDNHATC	STREME-9	chr2	190352669	190352677	+	12.4146	4.07e-05	0.546	GATGTCATC
9-GATDNHATC	STREME-9	chr2	190352669	190352677	-	12.4146	4.07e-05	0.546	GATGACATC
9-GATDNHATC	STREME-9	chr2	242680608	242680616	+	12.4146	4.07e-05	0.546	GATGACATC
9-GATDNHATC	STREME-9	chr2	242680608	242680616	-	12.4146	4.07e-05	0.546	GATGTCATC
9-GATDNHATC	STREME-9	chr1	244417811	244417819	+	12.4146	4.07e-05	0.546	GATGTCATC
9-GATDNHATC	STREME-9	chr1	244417811	244417819	-	12.4146	4.07e-05	0.546	GATGACATC
9-GATDNHATC	STREME-9	chr12	9815374	9815382	+	12.2927	6.57e-05	0.546	GATAAAATC
9-GATDNHATC	STREME-9	chr12	9815374	9815382	-	12.2927	6.57e-05	0.546	GATTTTATC
9-GATDNHATC	STREME-9	chrX	10051948	10051956	+	12.2927	6.57e-05	0.546	GATTTTATC
9-GATDNHATC	STREME-9	chrX	10051948	10051956	-	12.2927	6.57e-05	0.546	GATAAAATC
9-GATDNHATC	STREME-9	chr20	20740025	20740033	+	12.2927	6.57e-05	0.546	GATTTTATC
9-GATDNHATC	STREME-9	chr20	20740025	20740033	-	12.2927	6.57e-05	0.546	GATAAAATC
9-GATDNHATC	STREME-9	chr1	20940348	20940356	+	12.2927	6.57e-05	0.546	GATTTTATC
9-GATDNHATC	STREME-9	chr1	20940348	20940356	-	12.2927	6.57e-05	0.546	GATAAAATC
9-GATDNHATC	STREME-9	chr18	21688818	21688826	+	12.2927	6.57e-05	0.546	GATAAAATC
9-GATDNHATC	STREME-9	chr18	21688818	21688826	-	12.2927	6.57e-05	0.546	GATTTTATC
9-GATDNHATC	STREME-9	chr3	25867930	25867938	+	12.2927	6.57e-05	0.546	GATATAATC
9-GATDNHATC	STREME-9	chr3	25867930	25867938	-	12.2927	6.57e-05	0.546	GATTATATC
9-GATDNHATC	STREME-9	chr9	26782450	26782458	+	12.2927	6.57e-05	0.546	GATTATATC
9-GATDNHATC	STREME-9	chr9	26782450	26782458	-	12.2927	6.57e-05	0.546	GATATAATC
9-GATDNHATC	STREME-9	chr8	27598158	27598166	+	12.2927	6.57e-05	0.546	GATATAATC
9-GATDNHATC	STREME-9	chr8	27598158	27598166	-	12.2927	6.57e-05	0.546	GATTATATC
9-GATDNHATC	STREME-9	chr21	30071945	30071953	+	12.2927	6.57e-05	0.546	GATTTTATC
9-GATDNHATC	STREME-9	chr21	30071945	30071953	-	12.2927	6.57e-05	0.546	GATAAAATC
9-GATDNHATC	STREME-9	chr21	30071983	30071991	+	12.2927	6.57e-05	0.546	GATATAATC
9-GATDNHATC	STREME-9	chr21	30071983	30071991	-	12.2927	6.57e-05	0.546	GATTATATC
9-GATDNHATC	STREME-9	chr3	32377852	32377860	+	12.2927	6.57e-05	0.546	GATTTTATC
9-GATDNHATC	STREME-9	chr3	32377852	32377860	-	12.2927	6.57e-05	0.546	GATAAAATC
9-GATDNHATC	STREME-9	chr21	32608699	32608707	+	12.2927	6.57e-05	0.546	GATATAATC
9-GATDNHATC	STREME-9	chr21	32608699	32608707	-	12.2927	6.57e-05	0.546	GATTATATC
9-GATDNHATC	STREME-9	chr9	33431551	33431559	+	12.2927	6.57e-05	0.546	GATATAATC
9-GATDNHATC	STREME-9	chr9	33431551	33431559	-	12.2927	6.57e-05	0.546	GATTATATC
9-GATDNHATC	STREME-9	chr19	33496649	33496657	+	12.2927	6.57e-05	0.546	GATATAATC
9-GATDNHATC	STREME-9	chr19	33496649	33496657	-	12.2927	6.57e-05	0.546	GATTATATC
9-GATDNHATC	STREME-9	chr6	33726892	33726900	+	12.2927	6.57e-05	0.546	GATAAAATC
9-GATDNHATC	STREME-9	chr6	33726892	33726900	-	12.2927	6.57e-05	0.546	GATTTTATC
9-GATDNHATC	STREME-9	chr9	38421577	38421585	+	12.2927	6.57e-05	0.546	GATTTTATC
9-GATDNHATC	STREME-9	chr9	38421577	38421585	-	12.2927	6.57e-05	0.546	GATAAAATC
9-GATDNHATC	STREME-9	chr19	39328410	39328418	+	12.2927	6.57e-05	0.546	GATTTTATC
9-GATDNHATC	STREME-9	chr19	39328410	39328418	-	12.2927	6.57e-05	0.546	GATAAAATC
9-GATDNHATC	STREME-9	chr22	40115981	40115989	+	12.2927	6.57e-05	0.546	GATTTTATC
9-GATDNHATC	STREME-9	chr22	40115981	40115989	-	12.2927	6.57e-05	0.546	GATAAAATC
9-GATDNHATC	STREME-9	chr13	40488089	40488097	+	12.2927	6.57e-05	0.546	GATTATATC
9-GATDNHATC	STREME-9	chr13	40488089	40488097	-	12.2927	6.57e-05	0.546	GATATAATC
9-GATDNHATC	STREME-9	chr5	42500582	42500590	+	12.2927	6.57e-05	0.546	GATAAAATC
9-GATDNHATC	STREME-9	chr5	42500582	42500590	-	12.2927	6.57e-05	0.546	GATTTTATC
9-GATDNHATC	STREME-9	chr2	44121003	44121011	+	12.2927	6.57e-05	0.546	GATAAAATC
9-GATDNHATC	STREME-9	chr2	44121003	44121011	-	12.2927	6.57e-05	0.546	GATTTTATC
9-GATDNHATC	STREME-9	chr2	45484936	45484944	+	12.2927	6.57e-05	0.546	GATTATATC
9-GATDNHATC	STREME-9	chr2	45484936	45484944	-	12.2927	6.57e-05	0.546	GATATAATC
9-GATDNHATC	STREME-9	chr22	45931121	45931129	+	12.2927	6.57e-05	0.546	GATTTTATC
9-GATDNHATC	STREME-9	chr22	45931121	45931129	-	12.2927	6.57e-05	0.546	GATAAAATC
9-GATDNHATC	STREME-9	chr2	46362036	46362044	+	12.2927	6.57e-05	0.546	GATTTTATC
9-GATDNHATC	STREME-9	chr2	46362036	46362044	-	12.2927	6.57e-05	0.546	GATAAAATC
9-GATDNHATC	STREME-9	chr11	48643484	48643492	+	12.2927	6.57e-05	0.546	GATTTTATC
9-GATDNHATC	STREME-9	chr11	48643484	48643492	-	12.2927	6.57e-05	0.546	GATAAAATC
9-GATDNHATC	STREME-9	chr6	51086641	51086649	+	12.2927	6.57e-05	0.546	GATTATATC
9-GATDNHATC	STREME-9	chr6	51086641	51086649	-	12.2927	6.57e-05	0.546	GATATAATC
9-GATDNHATC	STREME-9	chr20	55650027	55650035	+	12.2927	6.57e-05	0.546	GATATAATC
9-GATDNHATC	STREME-9	chr20	55650027	55650035	-	12.2927	6.57e-05	0.546	GATTATATC
9-GATDNHATC	STREME-9	chr3	59650234	59650242	+	12.2927	6.57e-05	0.546	GATAAAATC
9-GATDNHATC	STREME-9	chr3	59650234	59650242	-	12.2927	6.57e-05	0.546	GATTTTATC
9-GATDNHATC	STREME-9	chr15	62618841	62618849	+	12.2927	6.57e-05	0.546	GATTTTATC
9-GATDNHATC	STREME-9	chr15	62618841	62618849	-	12.2927	6.57e-05	0.546	GATAAAATC
9-GATDNHATC	STREME-9	chr18	63543645	63543653	+	12.2927	6.57e-05	0.546	GATTATATC
9-GATDNHATC	STREME-9	chr18	63543645	63543653	-	12.2927	6.57e-05	0.546	GATATAATC
9-GATDNHATC	STREME-9	chr7	63774098	63774106	+	12.2927	6.57e-05	0.546	GATATAATC
9-GATDNHATC	STREME-9	chr7	63774098	63774106	-	12.2927	6.57e-05	0.546	GATTATATC
9-GATDNHATC	STREME-9	chr3	65996354	65996362	+	12.2927	6.57e-05	0.546	GATAAAATC
9-GATDNHATC	STREME-9	chr3	65996354	65996362	-	12.2927	6.57e-05	0.546	GATTTTATC
9-GATDNHATC	STREME-9	chrX	66920705	66920713	+	12.2927	6.57e-05	0.546	GATTATATC
9-GATDNHATC	STREME-9	chrX	66920705	66920713	-	12.2927	6.57e-05	0.546	GATATAATC
9-GATDNHATC	STREME-9	chrX	67617019	67617027	+	12.2927	6.57e-05	0.546	GATAAAATC
9-GATDNHATC	STREME-9	chrX	67617019	67617027	-	12.2927	6.57e-05	0.546	GATTTTATC
9-GATDNHATC	STREME-9	chr14	68645035	68645043	+	12.2927	6.57e-05	0.546	GATTTTATC
9-GATDNHATC	STREME-9	chr14	68645035	68645043	-	12.2927	6.57e-05	0.546	GATAAAATC
9-GATDNHATC	STREME-9	chr16	69617477	69617485	+	12.2927	6.57e-05	0.546	GATAAAATC
9-GATDNHATC	STREME-9	chr16	69617477	69617485	-	12.2927	6.57e-05	0.546	GATTTTATC
9-GATDNHATC	STREME-9	chr15	69844037	69844045	+	12.2927	6.57e-05	0.546	GATTTTATC
9-GATDNHATC	STREME-9	chr15	69844037	69844045	-	12.2927	6.57e-05	0.546	GATAAAATC
9-GATDNHATC	STREME-9	chr17	76992249	76992257	+	12.2927	6.57e-05	0.546	GATTTTATC
9-GATDNHATC	STREME-9	chr17	76992249	76992257	-	12.2927	6.57e-05	0.546	GATAAAATC
9-GATDNHATC	STREME-9	chrX	77823512	77823520	+	12.2927	6.57e-05	0.546	GATAAAATC
9-GATDNHATC	STREME-9	chrX	77823512	77823520	-	12.2927	6.57e-05	0.546	GATTTTATC
9-GATDNHATC	STREME-9	chr10	79293917	79293925	+	12.2927	6.57e-05	0.546	GATAAAATC
9-GATDNHATC	STREME-9	chr10	79293917	79293925	-	12.2927	6.57e-05	0.546	GATTTTATC
9-GATDNHATC	STREME-9	chr12	80101491	80101499	+	12.2927	6.57e-05	0.546	GATTTTATC
9-GATDNHATC	STREME-9	chr12	80101491	80101499	-	12.2927	6.57e-05	0.546	GATAAAATC
9-GATDNHATC	STREME-9	chr12	90312623	90312631	+	12.2927	6.57e-05	0.546	GATTATATC
9-GATDNHATC	STREME-9	chr12	90312623	90312631	-	12.2927	6.57e-05	0.546	GATATAATC
9-GATDNHATC	STREME-9	chr14	92022019	92022027	+	12.2927	6.57e-05	0.546	GATAAAATC
9-GATDNHATC	STREME-9	chr14	92022019	92022027	-	12.2927	6.57e-05	0.546	GATTTTATC
9-GATDNHATC	STREME-9	chr1	94911452	94911460	+	12.2927	6.57e-05	0.546	GATTATATC
9-GATDNHATC	STREME-9	chr1	94911452	94911460	-	12.2927	6.57e-05	0.546	GATATAATC
9-GATDNHATC	STREME-9	chr15	95335740	95335748	+	12.2927	6.57e-05	0.546	GATAAAATC
9-GATDNHATC	STREME-9	chr15	95335740	95335748	-	12.2927	6.57e-05	0.546	GATTTTATC
9-GATDNHATC	STREME-9	chr2	95421915	95421923	+	12.2927	6.57e-05	0.546	GATAAAATC
9-GATDNHATC	STREME-9	chr2	95421915	95421923	-	12.2927	6.57e-05	0.546	GATTTTATC
9-GATDNHATC	STREME-9	chr9	97393346	97393354	+	12.2927	6.57e-05	0.546	GATAAAATC
9-GATDNHATC	STREME-9	chr9	97393346	97393354	-	12.2927	6.57e-05	0.546	GATTTTATC
9-GATDNHATC	STREME-9	chr2	99410886	99410894	+	12.2927	6.57e-05	0.546	GATAAAATC
9-GATDNHATC	STREME-9	chr2	99410886	99410894	-	12.2927	6.57e-05	0.546	GATTTTATC
9-GATDNHATC	STREME-9	chr14	100478747	100478755	+	12.2927	6.57e-05	0.546	GATTTTATC
9-GATDNHATC	STREME-9	chr14	100478747	100478755	-	12.2927	6.57e-05	0.546	GATAAAATC
9-GATDNHATC	STREME-9	chr2	100673133	100673141	+	12.2927	6.57e-05	0.546	GATAAAATC
9-GATDNHATC	STREME-9	chr2	100673133	100673141	-	12.2927	6.57e-05	0.546	GATTTTATC
9-GATDNHATC	STREME-9	chr8	101758579	101758587	+	12.2927	6.57e-05	0.546	GATAAAATC
9-GATDNHATC	STREME-9	chr8	101758579	101758587	-	12.2927	6.57e-05	0.546	GATTTTATC
9-GATDNHATC	STREME-9	chr2	103469221	103469229	+	12.2927	6.57e-05	0.546	GATATAATC
9-GATDNHATC	STREME-9	chr2	103469221	103469229	-	12.2927	6.57e-05	0.546	GATTATATC
9-GATDNHATC	STREME-9	chrX	103604046	103604054	+	12.2927	6.57e-05	0.546	GATAAAATC
9-GATDNHATC	STREME-9	chrX	103604046	103604054	-	12.2927	6.57e-05	0.546	GATTTTATC
9-GATDNHATC	STREME-9	chrX	105066075	105066083	+	12.2927	6.57e-05	0.546	GATAAAATC
9-GATDNHATC	STREME-9	chrX	105066075	105066083	-	12.2927	6.57e-05	0.546	GATTTTATC
9-GATDNHATC	STREME-9	chrX	109416753	109416761	+	12.2927	6.57e-05	0.546	GATAAAATC
9-GATDNHATC	STREME-9	chrX	109416753	109416761	-	12.2927	6.57e-05	0.546	GATTTTATC
9-GATDNHATC	STREME-9	chr12	110191945	110191953	+	12.2927	6.57e-05	0.546	GATAAAATC
9-GATDNHATC	STREME-9	chr12	110191945	110191953	-	12.2927	6.57e-05	0.546	GATTTTATC
9-GATDNHATC	STREME-9	chrX	119576496	119576504	+	12.2927	6.57e-05	0.546	GATAAAATC
9-GATDNHATC	STREME-9	chrX	119576496	119576504	-	12.2927	6.57e-05	0.546	GATTTTATC
9-GATDNHATC	STREME-9	chr12	119917274	119917282	+	12.2927	6.57e-05	0.546	GATAAAATC
9-GATDNHATC	STREME-9	chr12	119917274	119917282	-	12.2927	6.57e-05	0.546	GATTTTATC
9-GATDNHATC	STREME-9	chr11	120686680	120686688	+	12.2927	6.57e-05	0.546	GATTTTATC
9-GATDNHATC	STREME-9	chr11	120686680	120686688	-	12.2927	6.57e-05	0.546	GATAAAATC
9-GATDNHATC	STREME-9	chr11	125152314	125152322	+	12.2927	6.57e-05	0.546	GATTATATC
9-GATDNHATC	STREME-9	chr11	125152314	125152322	-	12.2927	6.57e-05	0.546	GATATAATC
9-GATDNHATC	STREME-9	chr5	126015694	126015702	+	12.2927	6.57e-05	0.546	GATTATATC
9-GATDNHATC	STREME-9	chr5	126015694	126015702	-	12.2927	6.57e-05	0.546	GATATAATC
9-GATDNHATC	STREME-9	chr8	126265401	126265409	+	12.2927	6.57e-05	0.546	GATTATATC
9-GATDNHATC	STREME-9	chr8	126265401	126265409	-	12.2927	6.57e-05	0.546	GATATAATC
9-GATDNHATC	STREME-9	chr10	131320825	131320833	+	12.2927	6.57e-05	0.546	GATTATATC
9-GATDNHATC	STREME-9	chr10	131320825	131320833	-	12.2927	6.57e-05	0.546	GATATAATC
9-GATDNHATC	STREME-9	chr5	131663242	131663250	+	12.2927	6.57e-05	0.546	GATAAAATC
9-GATDNHATC	STREME-9	chr5	131663242	131663250	-	12.2927	6.57e-05	0.546	GATTTTATC
9-GATDNHATC	STREME-9	chr6	137478904	137478912	+	12.2927	6.57e-05	0.546	GATTATATC
9-GATDNHATC	STREME-9	chr6	137478904	137478912	-	12.2927	6.57e-05	0.546	GATATAATC
9-GATDNHATC	STREME-9	chr2	142137991	142137999	+	12.2927	6.57e-05	0.546	GATAAAATC
9-GATDNHATC	STREME-9	chr2	142137991	142137999	-	12.2927	6.57e-05	0.546	GATTTTATC
9-GATDNHATC	STREME-9	chr2	142138018	142138026	+	12.2927	6.57e-05	0.546	GATAAAATC
9-GATDNHATC	STREME-9	chr2	142138018	142138026	-	12.2927	6.57e-05	0.546	GATTTTATC
9-GATDNHATC	STREME-9	chr2	142138264	142138272	+	12.2927	6.57e-05	0.546	GATAAAATC
9-GATDNHATC	STREME-9	chr2	142138264	142138272	-	12.2927	6.57e-05	0.546	GATTTTATC
9-GATDNHATC	STREME-9	chrX	143739560	143739568	+	12.2927	6.57e-05	0.546	GATTATATC
9-GATDNHATC	STREME-9	chrX	143739560	143739568	-	12.2927	6.57e-05	0.546	GATATAATC
9-GATDNHATC	STREME-9	chr6	144732666	144732674	+	12.2927	6.57e-05	0.546	GATTTTATC
9-GATDNHATC	STREME-9	chr6	144732666	144732674	-	12.2927	6.57e-05	0.546	GATAAAATC
9-GATDNHATC	STREME-9	chr5	148508890	148508898	+	12.2927	6.57e-05	0.546	GATAAAATC
9-GATDNHATC	STREME-9	chr5	148508890	148508898	-	12.2927	6.57e-05	0.546	GATTTTATC
9-GATDNHATC	STREME-9	chr3	148741204	148741212	+	12.2927	6.57e-05	0.546	GATTATATC
9-GATDNHATC	STREME-9	chr3	148741204	148741212	-	12.2927	6.57e-05	0.546	GATATAATC
9-GATDNHATC	STREME-9	chr2	151064655	151064663	+	12.2927	6.57e-05	0.546	GATATAATC
9-GATDNHATC	STREME-9	chr2	151064655	151064663	-	12.2927	6.57e-05	0.546	GATTATATC
9-GATDNHATC	STREME-9	chr3	154504747	154504755	+	12.2927	6.57e-05	0.546	GATTATATC
9-GATDNHATC	STREME-9	chr3	154504747	154504755	-	12.2927	6.57e-05	0.546	GATATAATC
9-GATDNHATC	STREME-9	chr6	156758711	156758719	+	12.2927	6.57e-05	0.546	GATTTTATC
9-GATDNHATC	STREME-9	chr6	156758711	156758719	-	12.2927	6.57e-05	0.546	GATAAAATC
9-GATDNHATC	STREME-9	chr3	170979359	170979367	+	12.2927	6.57e-05	0.546	GATAAAATC
9-GATDNHATC	STREME-9	chr3	170979359	170979367	-	12.2927	6.57e-05	0.546	GATTTTATC
9-GATDNHATC	STREME-9	chr3	179544192	179544200	+	12.2927	6.57e-05	0.546	GATTATATC
9-GATDNHATC	STREME-9	chr3	179544192	179544200	-	12.2927	6.57e-05	0.546	GATATAATC
9-GATDNHATC	STREME-9	chr1	180083976	180083984	+	12.2927	6.57e-05	0.546	GATAAAATC
9-GATDNHATC	STREME-9	chr1	180083976	180083984	-	12.2927	6.57e-05	0.546	GATTTTATC
9-GATDNHATC	STREME-9	chr2	180439245	180439253	+	12.2927	6.57e-05	0.546	GATAAAATC
9-GATDNHATC	STREME-9	chr2	180439245	180439253	-	12.2927	6.57e-05	0.546	GATTTTATC
9-GATDNHATC	STREME-9	chr3	187876085	187876093	+	12.2927	6.57e-05	0.546	GATATAATC
9-GATDNHATC	STREME-9	chr3	187876085	187876093	-	12.2927	6.57e-05	0.546	GATTATATC
9-GATDNHATC	STREME-9	chr3	194054104	194054112	+	12.2927	6.57e-05	0.546	GATAAAATC
9-GATDNHATC	STREME-9	chr3	194054104	194054112	-	12.2927	6.57e-05	0.546	GATTTTATC
9-GATDNHATC	STREME-9	chr1	203122906	203122914	+	12.2927	6.57e-05	0.546	GATTATATC
9-GATDNHATC	STREME-9	chr1	203122906	203122914	-	12.2927	6.57e-05	0.546	GATATAATC
9-GATDNHATC	STREME-9	chr1	203398543	203398551	+	12.2927	6.57e-05	0.546	GATAAAATC
9-GATDNHATC	STREME-9	chr1	203398543	203398551	-	12.2927	6.57e-05	0.546	GATTTTATC
9-GATDNHATC	STREME-9	chr2	204816510	204816518	+	12.2927	6.57e-05	0.546	GATTTTATC
9-GATDNHATC	STREME-9	chr2	204816510	204816518	-	12.2927	6.57e-05	0.546	GATAAAATC
9-GATDNHATC	STREME-9	chr1	235094973	235094981	+	12.2927	6.57e-05	0.546	GATTTTATC
9-GATDNHATC	STREME-9	chr1	235094973	235094981	-	12.2927	6.57e-05	0.546	GATAAAATC
9-GATDNHATC	STREME-9	chr6	1296772	1296780	+	12.1951	7.57e-05	0.57	GATAGTATC
9-GATDNHATC	STREME-9	chr6	1296772	1296780	-	12.1951	7.57e-05	0.57	GATACTATC
9-GATDNHATC	STREME-9	chr6	12602818	12602826	+	12.1951	7.57e-05	0.57	GATACTATC
9-GATDNHATC	STREME-9	chr6	12602818	12602826	-	12.1951	7.57e-05	0.57	GATAGTATC
9-GATDNHATC	STREME-9	chr18	14784258	14784266	+	12.1951	7.57e-05	0.57	GATACTATC
9-GATDNHATC	STREME-9	chr18	14784258	14784266	-	12.1951	7.57e-05	0.57	GATAGTATC
9-GATDNHATC	STREME-9	chr11	34592387	34592395	+	12.1951	7.57e-05	0.57	GATACTATC
9-GATDNHATC	STREME-9	chr11	34592387	34592395	-	12.1951	7.57e-05	0.57	GATAGTATC
9-GATDNHATC	STREME-9	chr6	35336567	35336575	+	12.1951	7.57e-05	0.57	GATAGTATC
9-GATDNHATC	STREME-9	chr6	35336567	35336575	-	12.1951	7.57e-05	0.57	GATACTATC
9-GATDNHATC	STREME-9	chr22	46085041	46085049	+	12.1951	7.57e-05	0.57	GATAGTATC
9-GATDNHATC	STREME-9	chr22	46085041	46085049	-	12.1951	7.57e-05	0.57	GATACTATC
9-GATDNHATC	STREME-9	chr13	47053635	47053643	+	12.1951	7.57e-05	0.57	GATACTATC
9-GATDNHATC	STREME-9	chr13	47053635	47053643	-	12.1951	7.57e-05	0.57	GATAGTATC
9-GATDNHATC	STREME-9	chr13	47053653	47053661	+	12.1951	7.57e-05	0.57	GATACTATC
9-GATDNHATC	STREME-9	chr13	47053653	47053661	-	12.1951	7.57e-05	0.57	GATAGTATC
9-GATDNHATC	STREME-9	chr13	58086004	58086012	+	12.1951	7.57e-05	0.57	GATAGTATC
9-GATDNHATC	STREME-9	chr13	58086004	58086012	-	12.1951	7.57e-05	0.57	GATACTATC
9-GATDNHATC	STREME-9	chr5	70928304	70928312	+	12.1951	7.57e-05	0.57	GATACTATC
9-GATDNHATC	STREME-9	chr5	70928304	70928312	-	12.1951	7.57e-05	0.57	GATAGTATC
9-GATDNHATC	STREME-9	chr9	81779742	81779750	+	12.1951	7.57e-05	0.57	GATACTATC
9-GATDNHATC	STREME-9	chr9	81779742	81779750	-	12.1951	7.57e-05	0.57	GATAGTATC
9-GATDNHATC	STREME-9	chr8	82688291	82688299	+	12.1951	7.57e-05	0.57	GATAGTATC
9-GATDNHATC	STREME-9	chr8	82688291	82688299	-	12.1951	7.57e-05	0.57	GATACTATC
9-GATDNHATC	STREME-9	chr8	93498676	93498684	+	12.1951	7.57e-05	0.57	GATAGTATC
9-GATDNHATC	STREME-9	chr8	93498676	93498684	-	12.1951	7.57e-05	0.57	GATACTATC
9-GATDNHATC	STREME-9	chr12	104571801	104571809	+	12.1951	7.57e-05	0.57	GATAGTATC
9-GATDNHATC	STREME-9	chr12	104571801	104571809	-	12.1951	7.57e-05	0.57	GATACTATC
9-GATDNHATC	STREME-9	chr11	114036239	114036247	+	12.1951	7.57e-05	0.57	GATAGTATC
9-GATDNHATC	STREME-9	chr11	114036239	114036247	-	12.1951	7.57e-05	0.57	GATACTATC
9-GATDNHATC	STREME-9	chr6	117535779	117535787	+	12.1951	7.57e-05	0.57	GATACTATC
9-GATDNHATC	STREME-9	chr6	117535779	117535787	-	12.1951	7.57e-05	0.57	GATAGTATC
9-GATDNHATC	STREME-9	chr11	118416417	118416425	+	12.1951	7.57e-05	0.57	GATACTATC
9-GATDNHATC	STREME-9	chr11	118416417	118416425	-	12.1951	7.57e-05	0.57	GATAGTATC
9-GATDNHATC	STREME-9	chr2	126411999	126412007	+	12.1951	7.57e-05	0.57	GATACTATC
9-GATDNHATC	STREME-9	chr2	126411999	126412007	-	12.1951	7.57e-05	0.57	GATAGTATC
9-GATDNHATC	STREME-9	chr10	127525552	127525560	+	12.1951	7.57e-05	0.57	GATAGTATC
9-GATDNHATC	STREME-9	chr10	127525552	127525560	-	12.1951	7.57e-05	0.57	GATACTATC
9-GATDNHATC	STREME-9	chrX	139959124	139959132	+	12.1951	7.57e-05	0.57	GATAGTATC
9-GATDNHATC	STREME-9	chrX	139959124	139959132	-	12.1951	7.57e-05	0.57	GATACTATC
9-GATDNHATC	STREME-9	chr8	141469782	141469790	+	12.1951	7.57e-05	0.57	GATACTATC
9-GATDNHATC	STREME-9	chr8	141469782	141469790	-	12.1951	7.57e-05	0.57	GATAGTATC
9-GATDNHATC	STREME-9	chr1	169539264	169539272	+	12.1951	7.57e-05	0.57	GATACTATC
9-GATDNHATC	STREME-9	chr1	169539264	169539272	-	12.1951	7.57e-05	0.57	GATAGTATC
9-GATDNHATC	STREME-9	chr2	179774886	179774894	+	12.1951	7.57e-05	0.57	GATAGTATC
9-GATDNHATC	STREME-9	chr2	179774886	179774894	-	12.1951	7.57e-05	0.57	GATACTATC
9-GATDNHATC	STREME-9	chr5	7461347	7461355	+	12.061	9.58e-05	0.577	GATTACATC
9-GATDNHATC	STREME-9	chr5	7461347	7461355	-	12.061	9.58e-05	0.577	GATGTAATC
9-GATDNHATC	STREME-9	chr1	8108103	8108111	+	12.061	9.58e-05	0.577	GATTTCATC
9-GATDNHATC	STREME-9	chr1	8108103	8108111	-	12.061	9.58e-05	0.577	GATGAAATC
9-GATDNHATC	STREME-9	chr2	15179037	15179045	+	12.061	9.58e-05	0.577	GATGTAATC
9-GATDNHATC	STREME-9	chr2	15179037	15179045	-	12.061	9.58e-05	0.577	GATTACATC
9-GATDNHATC	STREME-9	chr16	15497841	15497849	+	12.061	9.58e-05	0.577	GATGAAATC
9-GATDNHATC	STREME-9	chr16	15497841	15497849	-	12.061	9.58e-05	0.577	GATTTCATC
9-GATDNHATC	STREME-9	chr19	15703472	15703480	+	12.061	9.58e-05	0.577	GATGAAATC
9-GATDNHATC	STREME-9	chr19	15703472	15703480	-	12.061	9.58e-05	0.577	GATTTCATC
9-GATDNHATC	STREME-9	chr3	16531725	16531733	+	12.061	9.58e-05	0.577	GATGTAATC
9-GATDNHATC	STREME-9	chr3	16531725	16531733	-	12.061	9.58e-05	0.577	GATTACATC
9-GATDNHATC	STREME-9	chrX	16680584	16680592	+	12.061	9.58e-05	0.577	GATTTCATC
9-GATDNHATC	STREME-9	chrX	16680584	16680592	-	12.061	9.58e-05	0.577	GATGAAATC
9-GATDNHATC	STREME-9	chr6	17389857	17389865	+	12.061	9.58e-05	0.577	GATGAAATC
9-GATDNHATC	STREME-9	chr6	17389857	17389865	-	12.061	9.58e-05	0.577	GATTTCATC
9-GATDNHATC	STREME-9	chr10	19788434	19788442	+	12.061	9.58e-05	0.577	GATTTCATC
9-GATDNHATC	STREME-9	chr10	19788434	19788442	-	12.061	9.58e-05	0.577	GATGAAATC
9-GATDNHATC	STREME-9	chr18	20066098	20066106	+	12.061	9.58e-05	0.577	GATGAAATC
9-GATDNHATC	STREME-9	chr18	20066098	20066106	-	12.061	9.58e-05	0.577	GATTTCATC
9-GATDNHATC	STREME-9	chr6	20741232	20741240	+	12.061	9.58e-05	0.577	GATTTCATC
9-GATDNHATC	STREME-9	chr6	20741232	20741240	-	12.061	9.58e-05	0.577	GATGAAATC
9-GATDNHATC	STREME-9	chr11	21486658	21486666	+	12.061	9.58e-05	0.577	GATGTAATC
9-GATDNHATC	STREME-9	chr11	21486658	21486666	-	12.061	9.58e-05	0.577	GATTACATC
9-GATDNHATC	STREME-9	chr5	24073447	24073455	+	12.061	9.58e-05	0.577	GATTACATC
9-GATDNHATC	STREME-9	chr5	24073447	24073455	-	12.061	9.58e-05	0.577	GATGTAATC
9-GATDNHATC	STREME-9	chr1	27470165	27470173	+	12.061	9.58e-05	0.577	GATGAAATC
9-GATDNHATC	STREME-9	chr1	27470165	27470173	-	12.061	9.58e-05	0.577	GATTTCATC
9-GATDNHATC	STREME-9	chr14	28887174	28887182	+	12.061	9.58e-05	0.577	GATGAAATC
9-GATDNHATC	STREME-9	chr14	28887174	28887182	-	12.061	9.58e-05	0.577	GATTTCATC
9-GATDNHATC	STREME-9	chr13	30683087	30683095	+	12.061	9.58e-05	0.577	GATGAAATC
9-GATDNHATC	STREME-9	chr13	30683087	30683095	-	12.061	9.58e-05	0.577	GATTTCATC
9-GATDNHATC	STREME-9	chr2	31783946	31783954	+	12.061	9.58e-05	0.577	GATGAAATC
9-GATDNHATC	STREME-9	chr2	31783946	31783954	-	12.061	9.58e-05	0.577	GATTTCATC
9-GATDNHATC	STREME-9	chr11	34655621	34655629	+	12.061	9.58e-05	0.577	GATGTAATC
9-GATDNHATC	STREME-9	chr11	34655621	34655629	-	12.061	9.58e-05	0.577	GATTACATC
9-GATDNHATC	STREME-9	chr9	38187132	38187140	+	12.061	9.58e-05	0.577	GATTTCATC
9-GATDNHATC	STREME-9	chr9	38187132	38187140	-	12.061	9.58e-05	0.577	GATGAAATC
9-GATDNHATC	STREME-9	chr21	39831725	39831733	+	12.061	9.58e-05	0.577	GATTACATC
9-GATDNHATC	STREME-9	chr21	39831725	39831733	-	12.061	9.58e-05	0.577	GATGTAATC
9-GATDNHATC	STREME-9	chr14	40690862	40690870	+	12.061	9.58e-05	0.577	GATGAAATC
9-GATDNHATC	STREME-9	chr14	40690862	40690870	-	12.061	9.58e-05	0.577	GATTTCATC
9-GATDNHATC	STREME-9	chr7	42534187	42534195	+	12.061	9.58e-05	0.577	GATTTCATC
9-GATDNHATC	STREME-9	chr7	42534187	42534195	-	12.061	9.58e-05	0.577	GATGAAATC
9-GATDNHATC	STREME-9	chr10	43851503	43851511	+	12.061	9.58e-05	0.577	GATGAAATC
9-GATDNHATC	STREME-9	chr10	43851503	43851511	-	12.061	9.58e-05	0.577	GATTTCATC
9-GATDNHATC	STREME-9	chr2	44109332	44109340	+	12.061	9.58e-05	0.577	GATGTAATC
9-GATDNHATC	STREME-9	chr2	44109332	44109340	-	12.061	9.58e-05	0.577	GATTACATC
9-GATDNHATC	STREME-9	chr17	48394794	48394802	+	12.061	9.58e-05	0.577	GATTTCATC
9-GATDNHATC	STREME-9	chr17	48394794	48394802	-	12.061	9.58e-05	0.577	GATGAAATC
9-GATDNHATC	STREME-9	chr18	55383028	55383036	+	12.061	9.58e-05	0.577	GATTTCATC
9-GATDNHATC	STREME-9	chr18	55383028	55383036	-	12.061	9.58e-05	0.577	GATGAAATC
9-GATDNHATC	STREME-9	chr18	59318668	59318676	+	12.061	9.58e-05	0.577	GATTACATC
9-GATDNHATC	STREME-9	chr18	59318668	59318676	-	12.061	9.58e-05	0.577	GATGTAATC
9-GATDNHATC	STREME-9	chr14	61113919	61113927	+	12.061	9.58e-05	0.577	GATTTCATC
9-GATDNHATC	STREME-9	chr14	61113919	61113927	-	12.061	9.58e-05	0.577	GATGAAATC
9-GATDNHATC	STREME-9	chr7	63774229	63774237	+	12.061	9.58e-05	0.577	GATTACATC
9-GATDNHATC	STREME-9	chr7	63774229	63774237	-	12.061	9.58e-05	0.577	GATGTAATC
9-GATDNHATC	STREME-9	chr3	66813963	66813971	+	12.061	9.58e-05	0.577	GATTTCATC
9-GATDNHATC	STREME-9	chr3	66813963	66813971	-	12.061	9.58e-05	0.577	GATGAAATC
9-GATDNHATC	STREME-9	chr11	70079707	70079715	+	12.061	9.58e-05	0.577	GATGAAATC
9-GATDNHATC	STREME-9	chr11	70079707	70079715	-	12.061	9.58e-05	0.577	GATTTCATC
9-GATDNHATC	STREME-9	chr15	70384360	70384368	+	12.061	9.58e-05	0.577	GATGTAATC
9-GATDNHATC	STREME-9	chr15	70384360	70384368	-	12.061	9.58e-05	0.577	GATTACATC
9-GATDNHATC	STREME-9	chr15	71544741	71544749	+	12.061	9.58e-05	0.577	GATGTAATC
9-GATDNHATC	STREME-9	chr15	71544741	71544749	-	12.061	9.58e-05	0.577	GATTACATC
9-GATDNHATC	STREME-9	chr10	73026236	73026244	+	12.061	9.58e-05	0.577	GATTACATC
9-GATDNHATC	STREME-9	chr10	73026236	73026244	-	12.061	9.58e-05	0.577	GATGTAATC
9-GATDNHATC	STREME-9	chr15	76155332	76155340	+	12.061	9.58e-05	0.577	GATGAAATC
9-GATDNHATC	STREME-9	chr15	76155332	76155340	-	12.061	9.58e-05	0.577	GATTTCATC
9-GATDNHATC	STREME-9	chr7	80171922	80171930	+	12.061	9.58e-05	0.577	GATGAAATC
9-GATDNHATC	STREME-9	chr7	80171922	80171930	-	12.061	9.58e-05	0.577	GATTTCATC
9-GATDNHATC	STREME-9	chr16	82226750	82226758	+	12.061	9.58e-05	0.577	GATTTCATC
9-GATDNHATC	STREME-9	chr16	82226750	82226758	-	12.061	9.58e-05	0.577	GATGAAATC
9-GATDNHATC	STREME-9	chr11	82803973	82803981	+	12.061	9.58e-05	0.577	GATTACATC
9-GATDNHATC	STREME-9	chr11	82803973	82803981	-	12.061	9.58e-05	0.577	GATGTAATC
9-GATDNHATC	STREME-9	chr4	89509775	89509783	+	12.061	9.58e-05	0.577	GATTTCATC
9-GATDNHATC	STREME-9	chr4	89509775	89509783	-	12.061	9.58e-05	0.577	GATGAAATC
9-GATDNHATC	STREME-9	chr12	89960548	89960556	+	12.061	9.58e-05	0.577	GATGAAATC
9-GATDNHATC	STREME-9	chr12	89960548	89960556	-	12.061	9.58e-05	0.577	GATTTCATC
9-GATDNHATC	STREME-9	chr1	90158216	90158224	+	12.061	9.58e-05	0.577	GATTACATC
9-GATDNHATC	STREME-9	chr1	90158216	90158224	-	12.061	9.58e-05	0.577	GATGTAATC
9-GATDNHATC	STREME-9	chr12	90163168	90163176	+	12.061	9.58e-05	0.577	GATGAAATC
9-GATDNHATC	STREME-9	chr12	90163168	90163176	-	12.061	9.58e-05	0.577	GATTTCATC
9-GATDNHATC	STREME-9	chr8	99795014	99795022	+	12.061	9.58e-05	0.577	GATGAAATC
9-GATDNHATC	STREME-9	chr8	99795014	99795022	-	12.061	9.58e-05	0.577	GATTTCATC
9-GATDNHATC	STREME-9	chr15	100114464	100114472	+	12.061	9.58e-05	0.577	GATTACATC
9-GATDNHATC	STREME-9	chr15	100114464	100114472	-	12.061	9.58e-05	0.577	GATGTAATC
9-GATDNHATC	STREME-9	chr11	109947715	109947723	+	12.061	9.58e-05	0.577	GATGTAATC
9-GATDNHATC	STREME-9	chr11	109947715	109947723	-	12.061	9.58e-05	0.577	GATTACATC
9-GATDNHATC	STREME-9	chr4	110510900	110510908	+	12.061	9.58e-05	0.577	GATTACATC
9-GATDNHATC	STREME-9	chr4	110510900	110510908	-	12.061	9.58e-05	0.577	GATGTAATC
9-GATDNHATC	STREME-9	chr6	113811656	113811664	+	12.061	9.58e-05	0.577	GATGTAATC
9-GATDNHATC	STREME-9	chr6	113811656	113811664	-	12.061	9.58e-05	0.577	GATTACATC
9-GATDNHATC	STREME-9	chr5	115191781	115191789	+	12.061	9.58e-05	0.577	GATGTAATC
9-GATDNHATC	STREME-9	chr5	115191781	115191789	-	12.061	9.58e-05	0.577	GATTACATC
9-GATDNHATC	STREME-9	chr9	117891575	117891583	+	12.061	9.58e-05	0.577	GATGTAATC
9-GATDNHATC	STREME-9	chr9	117891575	117891583	-	12.061	9.58e-05	0.577	GATTACATC
9-GATDNHATC	STREME-9	chr12	118709552	118709560	+	12.061	9.58e-05	0.577	GATGAAATC
9-GATDNHATC	STREME-9	chr12	118709552	118709560	-	12.061	9.58e-05	0.577	GATTTCATC
9-GATDNHATC	STREME-9	chr12	118709822	118709830	+	12.061	9.58e-05	0.577	GATTTCATC
9-GATDNHATC	STREME-9	chr12	118709822	118709830	-	12.061	9.58e-05	0.577	GATGAAATC
9-GATDNHATC	STREME-9	chr8	120995067	120995075	+	12.061	9.58e-05	0.577	GATTTCATC
9-GATDNHATC	STREME-9	chr8	120995067	120995075	-	12.061	9.58e-05	0.577	GATGAAATC
9-GATDNHATC	STREME-9	chr4	139836999	139837007	+	12.061	9.58e-05	0.577	GATGTAATC
9-GATDNHATC	STREME-9	chr4	139836999	139837007	-	12.061	9.58e-05	0.577	GATTACATC
9-GATDNHATC	STREME-9	chr5	154120435	154120443	+	12.061	9.58e-05	0.577	GATGAAATC
9-GATDNHATC	STREME-9	chr5	154120435	154120443	-	12.061	9.58e-05	0.577	GATTTCATC
9-GATDNHATC	STREME-9	chr5	168643657	168643665	+	12.061	9.58e-05	0.577	GATTTCATC
9-GATDNHATC	STREME-9	chr5	168643657	168643665	-	12.061	9.58e-05	0.577	GATGAAATC
9-GATDNHATC	STREME-9	chr5	171373503	171373511	+	12.061	9.58e-05	0.577	GATTTCATC
9-GATDNHATC	STREME-9	chr5	171373503	171373511	-	12.061	9.58e-05	0.577	GATGAAATC
9-GATDNHATC	STREME-9	chr3	176666062	176666070	+	12.061	9.58e-05	0.577	GATGAAATC
9-GATDNHATC	STREME-9	chr3	176666062	176666070	-	12.061	9.58e-05	0.577	GATTTCATC
9-GATDNHATC	STREME-9	chr3	187924433	187924441	+	12.061	9.58e-05	0.577	GATTTCATC
9-GATDNHATC	STREME-9	chr3	187924433	187924441	-	12.061	9.58e-05	0.577	GATGAAATC
9-GATDNHATC	STREME-9	chr3	189300087	189300095	+	12.061	9.58e-05	0.577	GATTTCATC
9-GATDNHATC	STREME-9	chr3	189300087	189300095	-	12.061	9.58e-05	0.577	GATGAAATC
9-GATDNHATC	STREME-9	chr3	197633867	197633875	+	12.061	9.58e-05	0.577	GATTACATC
9-GATDNHATC	STREME-9	chr3	197633867	197633875	-	12.061	9.58e-05	0.577	GATGTAATC

# FIMO (Find Individual Motif Occurrences): Version 5.4.1 compiled on May 17 2022 at 23:53:36
# The format of this file is described at http://meme-suite.org/doc/fimo-output-format.html.
# fimo --parse-genomic-coord --verbosity 1 --oc output/meme/all4_h3k27ac/fimo_out_4 --bgfile output/meme/all4_h3k27ac/background --motif 9-GATDNHATC output/meme/all4_h3k27ac/streme_out/streme.xml output/meme/all4_h3k27ac/all4_h3k27ac.fa
