Query_ID	Target_ID	Optimal_offset	p-value	E-value	q-value	Overlap	Query_consensus	Target_consensus	Orientation
SCYYCAGGS	AP2A_HUMAN.H11MO.0.A	3	7.88916e-09	9.79833e-06	1.25339e-05	9	GCCCCAGGG	ATGGCCTCAGGGCAT	-
SCYYCAGGS	AP2C_HUMAN.H11MO.0.A	2	1.01848e-08	1.26495e-05	1.25339e-05	9	GCCCCAGGG	TGGCCTCAGGGCAT	-
SCYYCAGGS	MA1615.1	4	5.98776e-06	0.00743679	0.00491257	9	GCCCCAGGG	CCTGGCCCCAGGG	-
SCYYCAGGS	MA0003.4	3	2.40724e-05	0.0298979	0.0127743	9	GCCCCAGGG	ATTGCCTCAGGCCA	+
SCYYCAGGS	MA1569.1	1	2.59503e-05	0.0322303	0.0127743	9	GCCCCAGGG	CGCCTCAGGCG	+
SCYYCAGGS	MA0812.1	1	3.98893e-05	0.0495425	0.0133006	9	GCCCCAGGG	AGCCTCAGGCA	+
SCYYCAGGS	MA0814.2	3	4.32311e-05	0.053693	0.0133006	9	GCCCCAGGG	CCCGCCTCAGGCCC	-
SCYYCAGGS	MA0524.2	1	4.87324e-05	0.0605256	0.0133273	9	GCCCCAGGG	TGCCCCAGGGCA	+
SCYYCAGGS	MA0811.1	1	6.74364e-05	0.083756	0.0165982	9	GCCCCAGGG	TGCCCCAGGGCA	+
SCYYCAGGS	MA0810.1	1	0.000203259	0.252448	0.0454803	9	GCCCCAGGG	TGCCCCCGGGCA	+
SCYYCAGGS	MA0872.1	2	0.000305126	0.378966	0.062584	9	GCCCCAGGG	TGCCCTCAGGGCA	-
SCYYCAGGS	MA0815.1	2	0.000372896	0.463136	0.0706008	9	GCCCCAGGG	TGCCCTCAGGGCA	-
SCYYCAGGS	MA0154.4	2	0.000579604	0.719868	0.0839167	9	GCCCCAGGG	AGTCCCCAGGGGACT	+
SCYYCAGGS	COE1_HUMAN.H11MO.0.A	3	0.000706057	0.876923	0.0846014	9	GCCCCAGGG	AAGTCCCCAGGGACC	+
SCYYCAGGS	MA0813.1	2	0.000721824	0.896505	0.0846014	9	GCCCCAGGG	TGCCCTGAGGGCA	+
CCTGCC	MA0830.2	5	5.14299e-05	0.063876	0.062542	6	CCTGCC	CGGCACCTGCCCC	+
CCTGCC	MA1631.1	5	5.14299e-05	0.063876	0.062542	6	CCTGCC	CAGCACCTGCCCC	+
CCTGCC	MA1648.1	4	0.000350712	0.435584	0.284325	6	CCTGCC	CGCACCTGCCG	+
CCTGCC	MA0522.3	4	0.000708492	0.879947	0.360275	6	CCTGCC	CGCACCTGCCC	+
CCTGCC	MA0597.2	0	0.000740659	0.919898	0.360275	6	CCTGCC	CCTGCCCTGCGC	-
GCTGKG	HTF4_HUMAN.H11MO.0.A	4	3.50327e-05	0.0435106	0.0681497	6	GCTGTG	TGCAGCTGTG	+
GCTGKG	ZIC3_HUMAN.H11MO.0.B	8	7.00642e-05	0.0870197	0.0681497	6	GCTGTG	GGCCCCCTGCTGTGA	+
GCTGKG	MA1629.1	6	8.94015e-05	0.111037	0.0681497	6	GCTGTG	CCCCCTGCTGTGAG	-
GCTGKG	MA0697.2	7	0.000111749	0.138793	0.0681497	6	GCTGTG	GCCTCCTGCTGTG	-
GCTGKG	ITF2_HUMAN.H11MO.0.C	4	0.000367557	0.456505	0.179322	6	GCTGTG	GGCAGCTGGG	+

# Tomtom (Motif Comparison Tool): Version 5.4.1 compiled on May 17 2022 at 23:53:49
# The format of this file is described at http://meme-suite.org/doc/tomtom-output-format.html.
# tomtom -verbosity 1 -oc output/meme/all4_tfap2b_vs_notfap2b/meme_tomtom_out -min-overlap 5 -dist pearson -evalue -thresh 1 -no-ssc output/meme/all4_tfap2b_vs_notfap2b/meme_out/meme.xml data/external/MOTIFS.meme
